relative_path,bytes,sha256
.gitattributes,72,eb82b4a1929943ac96d042fa5b4df4c35bfda07fb44d8bdad013daaa253036ee
.gitignore,127,b312237146a43236f5e3505d186d50172cebdce09e361583c5524e0a91a42639
00_protocol/analysis_charter_v2.0_reviewer_revision.md,7549,28773332d3a1b220ffc46fc3891034dbc35026771d779aa6b42e08739af6a7f4
00_protocol/analysis_charter_v2.1_outcome_updating_revision.md,9717,492d6e67ac47c478af1373b2b6fbee42bca34aa233216109232060ce21f3bd94
00_protocol/analysis_charter_v2.2_submission_upgrade.md,6495,c65b6fb3c254220274d3d38689941bb15b69cc9320f976d2b41e77ea1a586936
00_protocol/analysis_charter_v2.3_final_minor_revision.md,5871,500655e16b838624f0ec773698c7545d3ed872017bf1bd3967bbe5928776013f
00_protocol/analysis_charter_v2.4_narrative_hierarchy.md,3238,bc7d6ef433ebfb90e3fc3226368741f201e8d8a2aa0ff5d59b6e19e5f055914a
00_protocol/analysis_charter_v2.5_final_submission_completion.md,2675,4fec5021bd6b2811733dae80c2c9c524298a714492535d574d0a50f37f234921
00_protocol/argument_map.md,2317,6010070e8c6c897d9799add2d442234b41fe5e715b33323c3a10e537fcb58884
00_protocol/claim_evidence_table.md,2295,4d4743bc7a933228510eb5f73e935d2617050022a15467fe717c08759e45e40d
00_protocol/cohort_wave_calendar.csv,656,20700aafbf103a94a58b7d48cc98fa672d6ea9750abeac526c0e348e59ce68b4
00_protocol/decision_log.md,31565,3e24118f7fce92fb14fdb25d9010934c1f8d8aa47b0213d817f7669370fa8295
00_protocol/wave_variable_concordance_v1.0.csv,2397,464e1e04d70aefa7dbfa448bdad8b6a3b86aeb1edeb81f29455184524508b0d0
01_scripts/101_validate_manuscript_v25.py,10839,5f5e34ce7b6099db375cfeb5299b3b15a02815949ed9a2f58c5b967f91e15671
01_scripts/102_make_submission_figures_v25.R,37743,666dbb4aa576f4f4aeb03d7a9351c61a9b9da3ad3f26d19f56434fdf71ebbfc0
01_scripts/55_audit_v21_source_fields.R,8450,38e3ee02e69577d7cd90091e9264a7615cd1d225ea0fc6b35b25cdbb13c00cb4
01_scripts/56_build_v21_strict9_risksets.R,20367,759d884e8bc388842e98102e11b5bc52c794b555a63832ccca5acd14b6bade17
01_scripts/56b_finalize_v21_riskset_summaries.R,6553,157314585e0a17c2002348dc2597e47844fd6c23d97a81e9d6b661210a394a0f
01_scripts/57_fit_v21_strict9_loco.R,12856,5dee1568cd26e60c1900d8c42f2e36ca14c083f621292d0ea5897651c7b76938
01_scripts/58_cluster_bootstrap_v21_strict9.py,10232,5003567612cd86259f63ea202029ebc83e57c89cfcbab3d54d256da47536e462
01_scripts/59_flexible_calibration_v21_strict9.R,7557,44cd06a77437915cce14ff48997d267dbbe405e94e5d2d17a5343b65dd163020
01_scripts/60_validation_design_contrast_v21_strict9.R,10595,23f156e4916b4be4a39a39f28add1870d0941fa67af1895be3f678db4f3bbaf0
01_scripts/61_nested_local_updating_v21_strict9.py,28245,9794803a0a68322fd3da0ca2811070b58dc943bd237b60ce6ed56962266e8cf4
01_scripts/62_temporal_all_windows_v21_strict9.R,12328,31e451a5d060c77ea6d62c2340abe031e6ac4cf9296ae3d59cf587e250aeed59
01_scripts/69_v22_weighting_m2_charls_boundary.R,17473,e77bd91beb43604357b0b584778cd52d5e32fe67931ae7677afff3293891d419
01_scripts/80_v23_prepare_hrs_person_equal_predictions.R,7692,63dca31235ab5aad21a7f96ffce6357c4da73e3167873bd2d58308efa967a45b
01_scripts/81_v23_hrs_person_equal_dca.py,11456,0c022752b7f3c837bc66fdbbffb378d5a8843c5a441450453db1c443422088ae
01_scripts/82_v23_table1_predictor_profile.R,8412,b9ab6f9bedd4ae5a0b5622dc45bcdfabbc3a85e14401d0d28e0d626a3a90a552
01_scripts/83_compile_submission_tables_v23.py,19179,5600d088c2e02bfabe364123d73175441cdfb640dea9245c0134180347142c03
03_results/14_reviewer_revision_v21/01_source_audit/death_vital_status_candidate_inventory.csv,51306,b7a23b83fdac407ed0aa8fc0c84280da7018d3bb71f2943a268e05b3f630024a
03_results/14_reviewer_revision_v21/01_source_audit/death_vital_status_value_labels.csv,227368,33645955631a6be7dfcf0905903ea7d146866bac2f36aea5308c5d588b34dc93
03_results/14_reviewer_revision_v21/01_source_audit/item_value_counts.csv,23818,e889c1df19de12f21335208ba81372ab6fe71b793aa7364faa8ab39da7b55734
03_results/14_reviewer_revision_v21/01_source_audit/item_variable_inventory.csv,24054,12acad68c87a5f4466241f85089db5228faa544276107c4fb4a0bf6bbbce5f4e
03_results/14_reviewer_revision_v21/01_source_audit/sessionInfo.txt,958,4bc7291d4c881697b43d7ad5eb331a6c41cbed13480d3a63c4252b37cbe7a9f0
03_results/14_reviewer_revision_v21/01_source_audit/strict9_aggregate_concordance.csv,1877,a9db267ca1a9777f8b576788ad787c171a4d2eafcf4d5b3b069c7ed5b1bd4f61
03_results/14_reviewer_revision_v21/01_source_audit/v21_source_feasibility_gates.csv,133,957aee5cd17c7ce2943191c533adf6ff573508e2aec01dc28cf9cba9db85ab55
03_results/14_reviewer_revision_v21/01_source_audit/v2_riskset_schema.csv,1280,fdb44d844c131a753bdb6e792232c13b8845816716015b859019926242bfa465
03_results/14_reviewer_revision_v21/02_risksets/death_confirmation_methods.csv,655,70ce4c1f6f6e92ed778bfe80e69c23f0371226c14a09a8c4a382b73f8106cfc0
03_results/14_reviewer_revision_v21/02_risksets/sequence_count_reconciliation.csv,1198,bb6c0dc5021a800c7203cf42ca82408cb49bc1faf6f98db46a89279e7ac4aed1
03_results/14_reviewer_revision_v21/02_risksets/sessionInfo_finalize.txt,658,bdbacbeca6a6235319b6db411e22f0db269da9012cab3ad5c50a3dded327609b
03_results/14_reviewer_revision_v21/02_risksets/strict9_flow_by_landmark.csv,3210,17a0491e2402fb22a563d5203a9255ac7f1ecab9bf49610cb62960a768a5d156
03_results/14_reviewer_revision_v21/02_risksets/strict9_flow_summary.csv,1096,e337d386a5b175a968d6293c9e34fc4679c4c94d98e14545c3ca754a591c3404
03_results/14_reviewer_revision_v21/02_risksets/strict9_riskset_build_gates.csv,153,54ccb3279fc912699395b0c8dd8a84feca6b3bdca3d1ffb0f50c6c89dd34d73b
03_results/14_reviewer_revision_v21/02_risksets/telephone_only_event_audit.csv,1287,339da51bd552d7a5354075740642370b4bce8a3ceb75047267303d448c716bbf
03_results/14_reviewer_revision_v21/02_risksets/two_wave_vs_one_wave_profile.csv,1338,05937e6217c29c24b897b993b1f380376c4a3624f6172213228c87c34f7797ed
03_results/14_reviewer_revision_v21/03_strict9_loco/ELSA_unknown_death_boundary_summary.csv,1056,9ada00682ae367200a99af340766dce44e7f1af2573ea37bfebcf458415d510e
03_results/14_reviewer_revision_v21/03_strict9_loco/sessionInfo.txt,658,bdbacbeca6a6235319b6db411e22f0db269da9012cab3ad5c50a3dded327609b
03_results/14_reviewer_revision_v21/03_strict9_loco/v21_M0_M1_fit_audit.csv,1298,eca4e0750caa4acf4daa1699bad6bbc7fd1a21cf6825da3ce77106b867763d89
03_results/14_reviewer_revision_v21/03_strict9_loco/v21_M0_M1_fold_coefficients.csv,8154,dbce1e41bb95a7b104bed13f62c6a097643252f06e9bed61ed305ebd71c17d38
03_results/14_reviewer_revision_v21/03_strict9_loco/v21_M0_M1_preprocessing_specification.csv,3537,7703d1f3c94c789dfaf9389f89ed1d1857656ead6818f15b4a447e535cca6970
03_results/14_reviewer_revision_v21/03_strict9_loco/v21_strict9_loco_gates.csv,153,bc4615429a226fb26ac2255351f812790957a3a6468eb2cf62acbc559c4fadd5
03_results/14_reviewer_revision_v21/03_strict9_loco/v21_strict9_loco_performance_point.csv,6740,37f491a4a82e1cdb54a2dd7c418dbc6a22453c8e5fceb6a23016c7841a21e9ce
03_results/14_reviewer_revision_v21/04_cluster_bootstrap/v21_strict9_bootstrap_provenance.json,332,65c6f8c64eda3f1ede205dc968df2f7ea15f508ef08dda4da293d74819007ba4
03_results/14_reviewer_revision_v21/04_cluster_bootstrap/v21_strict9_cross_language_point_validation.csv,240,9bafd332cb533720b6172588ca3a29aaf73d158b05e4e37858de12cd94d4bf32
03_results/14_reviewer_revision_v21/04_cluster_bootstrap/v21_strict9_person_cluster_bootstrap_300_ci.csv,9161,99f132f64bdb3e5f260d7d52350e94ace0d9ab1f6d1e78afa0998d216644e6ff
03_results/14_reviewer_revision_v21/04_cluster_bootstrap/v21_strict9_point_metrics_python.csv,2539,6bf5ebd2c0ee5d7bcf15b10f4da2916c5753ddd4d69fe4cc6d27e697061e36d4
03_results/14_reviewer_revision_v21/05_flexible_calibration/sessionInfo.txt,668,c7c6541d214d1c6a357886ead598a778d95474b0e158235c74b0f2e2c51e7caf
03_results/14_reviewer_revision_v21/05_flexible_calibration/v21_strict9_calibration_bins_cluster_ci.csv,22934,ad6a18077f9b984a65301a83d74d1e028bc7020583671710579cf55a4f5a39e9
03_results/14_reviewer_revision_v21/05_flexible_calibration/v21_strict9_flexible_calibration_curves_cluster_robust.csv,171871,a67f7e69409a7efd8a959945af0e8e1263b860f8dd92e0d0e2e973dfe8bb39c2
03_results/14_reviewer_revision_v21/05_flexible_calibration/v21_strict9_flexible_calibration_fit_audit.csv,2059,84d8ec9264785beb783dbf0d1db9830e72897568cb1674e0065b4dbf63b00a35
03_results/14_reviewer_revision_v21/05_flexible_calibration/v21_strict9_flexible_calibration_gates.csv,113,7d39b0641804c8e2c68d5f312e87eaafea9662d3577c62ce904748991d4f1fee
03_results/14_reviewer_revision_v21/05_flexible_calibration/v21_strict9_target_outcome_oracle_decomposition.csv,9562,9cf27fb2aec112871b7375e060c17b4c2854dfa1f3437d437b82fc8abd8651ff
03_results/14_reviewer_revision_v21/06_validation_design_contrast/sessionInfo.txt,658,bdbacbeca6a6235319b6db411e22f0db269da9012cab3ad5c50a3dded327609b
03_results/14_reviewer_revision_v21/06_validation_design_contrast/v21_strict9_random_split_concealment_by_repetition.csv,19355,053352768b8a6f7c18c7285242b07d06b36c8078323f980e47e1ae4e32365519
03_results/14_reviewer_revision_v21/06_validation_design_contrast/v21_strict9_random_split_concealment_summary.csv,365,aaefd79f156c92aee4897baaf1d7a1cb44e14d029ea98044de34feefe7a834ab
03_results/14_reviewer_revision_v21/06_validation_design_contrast/v21_strict9_random_split_fit_audit.csv,7606,9c3827b6f8714074957c983ab23068056b3f4f34a39861bf521664fc5a65bd27
03_results/14_reviewer_revision_v21/06_validation_design_contrast/v21_strict9_random_split_gates.csv,117,22fbb171688f7933badf6195432131086555e16b768919032c7880df949811aa
03_results/14_reviewer_revision_v21/06_validation_design_contrast/v21_strict9_random_split_performance_summary.csv,2580,3b21b2db6eed99c994aa6a28c493816298d90df22247bdb79a9126213adf3e7a
03_results/14_reviewer_revision_v21/06_validation_design_contrast/v21_strict9_random_split_vs_loco.csv,3262,ab0d9bb80dd1b7e475c218229d93cc2b79cb51e8ac26218785fec76e50812ca2
03_results/14_reviewer_revision_v21/07_nested_local_updating/v21_strict9_disjoint_sample_dca_summary.csv,23786,bbf29a230c3a7ba9d16196f407e72e19404c37478e446608ec6c6b954a405ec1
03_results/14_reviewer_revision_v21/07_nested_local_updating/v21_strict9_nested_updating_continuous_curves.csv,37810,6b9cf6f7f8517ecc06047427dac5368c94d37d5494be004032bf4b65ac33f169
03_results/14_reviewer_revision_v21/07_nested_local_updating/v21_strict9_nested_updating_descriptive_operating_points.csv,1462,22ae8ae5adb30c573589c074f3215978cb3515170988d3a64c4c22abe3de946c
03_results/14_reviewer_revision_v21/07_nested_local_updating/v21_strict9_nested_updating_gates.csv,257,76b82bb52fdb35ddb5dc4a9c3a6caa603bab084cb702b4b6ae8a0a63bbd5dc26
03_results/14_reviewer_revision_v21/07_nested_local_updating/v21_strict9_nested_updating_outer_summaries.csv,439534,7a95ccb1eb4ef629b8f3ade8bef0cf1823ba2eebc2c8d3cfe400bc6ca1eb297d
03_results/14_reviewer_revision_v21/07_nested_local_updating/v21_strict9_nested_updating_provenance.json,835,9ab12da84805b90e8cf9036b63095040f62d9f4f6af4e6b89216072996dca473
03_results/14_reviewer_revision_v21/07_nested_local_updating/v21_strict9_nested_updating_split_audit.csv,5655,914689fe330117376da6370fb3400e70680aa730fd4ecc4afa8798bd9db2a164
03_results/14_reviewer_revision_v21/07_nested_local_updating/v21_strict9_update_indication_separate_from_data_amount.csv,1640,dd4c0736311b8197aed99f4293a47d830644d73a468bbf0c4162a4a79fd44cbf
03_results/14_reviewer_revision_v21/08_temporal_all_windows/sessionInfo.txt,658,bdbacbeca6a6235319b6db411e22f0db269da9012cab3ad5c50a3dded327609b
03_results/14_reviewer_revision_v21/08_temporal_all_windows/v21_strict9_all_window_prediction_audit.csv,308,8061d7f9a3b64da1dd20ce9374fea69fc6d491237bbf3f93cdf81c4f1bfc62c5
03_results/14_reviewer_revision_v21/08_temporal_all_windows/v21_strict9_raw_performance_by_window.csv,20408,9c0c6731856993a9e53ee4ec391f14811d84062e2aa49e720205fb5849ef7115
03_results/14_reviewer_revision_v21/08_temporal_all_windows/v21_strict9_raw_performance_primary_vs_all_windows.csv,6240,95deef2ff03149b84fe575f217a1042eb1e4d679feb3ced09a7fd1dcf9b83a6c
03_results/14_reviewer_revision_v21/08_temporal_all_windows/v21_strict9_temporal_all_windows_gates.csv,182,6e1b4e83e2d1ba642acf75e2094f86f376000342c5ab73b41519eee03170b4c1
03_results/14_reviewer_revision_v21/08_temporal_all_windows/v21_strict9_temporal_updating_all_windows.csv,46195,c9cfaf71794658ba40fe25f4dbe7783c7617ca8576281ed1fa2a86e56fbff987
03_results/14_reviewer_revision_v21/08_temporal_all_windows/v21_strict9_temporal_updating_unavailable.csv,136,9b241cd40f89ae90807c7f7fe093e3d3f366e32f9bb8b2f30f1bfeb1f1014b96
03_results/14_reviewer_revision_v21/09_submission_tables/main/Table1_strict9_cohort_flow_and_profile.csv,1311,5af88c7c1d7307c39d892946fa0904e0e2903a9f2b812e203f14ccf69c9c88d5
03_results/14_reviewer_revision_v21/09_submission_tables/main/Table2_strict9_two_wave_country_out_performance.csv,2586,0188f54ecaec3c801b600916c3cf28c9b0efafb16d51dffe3ad7372ae7e0320e
03_results/14_reviewer_revision_v21/09_submission_tables/main/Table3_M1_increment_over_age_sex.csv,1751,a43d1cc2299c9250f717390bc3132bc945dd668a063031aa1e2e17164493201f
03_results/14_reviewer_revision_v21/09_submission_tables/supplement/eTable10A_random_split_pooled_and_country_summary.csv,2586,7d388dc960a0d4648699e3decdc243347e36247b5c6ee609806d39df95167b9e
03_results/14_reviewer_revision_v21/09_submission_tables/supplement/eTable10B_random_split_concealment_frequency.csv,371,6892e8830f843065a0d7c3692590d2c5546e4a116c7415bb85a94ac5b97abe08
03_results/14_reviewer_revision_v21/09_submission_tables/supplement/eTable10C_random_split_vs_country_out.csv,3256,bc7dd68dfb4023572a7322e763cfddfd904c165835367bfc13c8bb5ab63a978f
03_results/14_reviewer_revision_v21/09_submission_tables/supplement/eTable11_flexible_calibration_bins.csv,22934,ad6a18077f9b984a65301a83d74d1e028bc7020583671710579cf55a4f5a39e9
03_results/14_reviewer_revision_v21/09_submission_tables/supplement/eTable12_flexible_calibration_curves.csv,171871,a67f7e69409a7efd8a959945af0e8e1263b860f8dd92e0d0e2e973dfe8bb39c2
03_results/14_reviewer_revision_v21/09_submission_tables/supplement/eTable14A_nested_updating_continuous_curves.csv,36450,ed4573616feb5cce31d5fe782c1fa857eb75e3ea6520d4a717dea1e5c725e976
03_results/14_reviewer_revision_v21/09_submission_tables/supplement/eTable14B_descriptive_operating_points_not_minima.csv,1462,22ae8ae5adb30c573589c074f3215978cb3515170988d3a64c4c22abe3de946c
03_results/14_reviewer_revision_v21/09_submission_tables/supplement/eTable14C_nested_updating_outer_split_summaries.csv,426163,6acda3fc75bd05c7976f5dfe7f7762052973298f393aadf39e69baf63ce676ef
03_results/14_reviewer_revision_v21/09_submission_tables/supplement/eTable15_disjoint_sample_decision_curve_summary.csv,22624,75cbd97edd5e6de316615f8ce07495a06d28c024cc2d9be45c8ac6b076a2231d
03_results/14_reviewer_revision_v21/09_submission_tables/supplement/eTable16_ELSA_unknown_death_boundary.csv,1060,1810f250d15d34821a6ea1575c56e1684535b6a900d46c4c9a35d12fbd10292b
03_results/14_reviewer_revision_v21/09_submission_tables/supplement/eTable17A_primary_vs_extended_windows.csv,6240,95deef2ff03149b84fe575f217a1042eb1e4d679feb3ced09a7fd1dcf9b83a6c
03_results/14_reviewer_revision_v21/09_submission_tables/supplement/eTable17B_all_temporal_updating_windows.csv,46642,48f0e346006462b3e491a963eddb4a6c9e3e23d3b2aad17801f6bf0ac52f0a90
03_results/14_reviewer_revision_v21/09_submission_tables/supplement/eTable17C_temporal_updating_summary.csv,954,2ad7bd69a723da86c54bac63fd4cf7792eb8561d0fdd21b97cbe2c6166311413
03_results/14_reviewer_revision_v21/09_submission_tables/supplement/eTable18_sequence_count_reconciliation.csv,1202,4612b930237f4fda4eb6dd51e87ac355b308c15354fce99a0ccbb9ee817a25b4
03_results/14_reviewer_revision_v21/09_submission_tables/supplement/eTable19A_M1_country_out_coefficients.csv,3576,930e68662b36103acd1c152e3bc2bf6c718436630b3d032728f3095b59e1626b
03_results/14_reviewer_revision_v21/09_submission_tables/supplement/eTable19B_M1_preprocessing_and_scaling.csv,1605,688b9ee0ed111c7be15acede9296d177d9a4db646d3f19bbb93312863b9f8ef1
03_results/14_reviewer_revision_v21/09_submission_tables/supplement/eTable1_strict9_flow_and_population.csv,1311,5af88c7c1d7307c39d892946fa0904e0e2903a9f2b812e203f14ccf69c9c88d5
03_results/14_reviewer_revision_v21/09_submission_tables/supplement/eTable20_death_ascertainment_by_cohort.csv,655,70ce4c1f6f6e92ed778bfe80e69c23f0371226c14a09a8c4a382b73f8106cfc0
03_results/14_reviewer_revision_v21/09_submission_tables/supplement/eTable2_exact_common_9item_concordance.csv,1927,9cb311a4c918caad81deecb5d04391157679b4018976c338f48c311cb1c0c64e
03_results/14_reviewer_revision_v21/09_submission_tables/supplement/eTable3_flow_by_landmark.csv,3210,17a0491e2402fb22a563d5203a9255ac7f1ecab9bf49610cb62960a768a5d156
03_results/14_reviewer_revision_v21/09_submission_tables/supplement/eTable5_M1_increment_cluster_bootstrap.csv,1751,a43d1cc2299c9250f717390bc3132bc945dd668a063031aa1e2e17164493201f
03_results/14_reviewer_revision_v21/09_submission_tables/supplement/eTable6_one_wave_riskset_country_out_sensitivity.csv,2584,019cf43b3e0414650b86d706cc0ef1d16f00fad7fdeacc765fe0e4bb07711cb7
03_results/14_reviewer_revision_v21/09_submission_tables/supplement/eTable7_respondent_weighted_point_estimates.csv,3712,bd7e8aa5b9e0a127da1c7a71893aa7e648e226b4b3506dce75fc29b20f29d291
03_results/14_reviewer_revision_v21/09_submission_tables/supplement/eTable8_legacy_vs_exact9_outcome_sensitivity.csv,1435,ab752a02296ae638e3d6a199222c003587467a698f5c447f990081d9020eb88d
03_results/14_reviewer_revision_v21/09_submission_tables/supplement/eTable9B_telephone_specific_trigger_counts.csv,1287,339da51bd552d7a5354075740642370b4bce8a3ceb75047267303d448c716bbf
03_results/14_reviewer_revision_v21/09_submission_tables/v21_all_analysis_gates.csv,2580,efd86b0abdf98d63c2f602d4306a4120d6da23fa57b5532db84d1683977fe047
03_results/14_reviewer_revision_v21/09_submission_tables/v21_key_results_canon.json,11130,39432d6db2a7bf194497306933fa42c8023a664d1ebdef02ba47c01bea9cd9b7
03_results/14_reviewer_revision_v21/09_submission_tables/v21_submission_table_inventory.csv,1463,b0ab615e3d5842f1f3f8cb019a304714c4ee989e7e898890ba3eda0e47a44396
03_results/15_submission_upgrade_v22/01_robustness/CHARLS_unknown_death_boundary_summary.csv,1327,a6fd1458199ea14fca99fb6f146efb3cc1bdaf5005c340950a9b62a6f5a77e2e
03_results/15_submission_upgrade_v22/01_robustness/sessionInfo.txt,658,bdbacbeca6a6235319b6db411e22f0db269da9012cab3ad5c50a3dded327609b
03_results/15_submission_upgrade_v22/01_robustness/v22_CHARLS_ELSA_unknown_death_boundary_summary.csv,2225,a546464caba0f2a62e541c5297c9896a8c0e8af63655ee39e8f1357376a7381b
03_results/15_submission_upgrade_v22/01_robustness/v22_development_weighting_M1_contrasts.csv,4550,b408bca0fe5f2c85d26f5b381d9a4943c9fdbce2a0bb633dd70feea89c9b11d5
03_results/15_submission_upgrade_v22/01_robustness/v22_development_weighting_M1_point.csv,2422,dddbfe4aa010053acaed7cffc9e1c7526698380d50ded7eb2f676f063f0e144b
03_results/15_submission_upgrade_v22/01_robustness/v22_person_equal_contribution_audit.csv,414,34f8a32cc8e7d922568b1b7c6b91f8531cfbbfea7aa4bb463e6ed5c8ab04674f
03_results/15_submission_upgrade_v22/01_robustness/v22_robustness_gates.csv,284,952204028dc2f33353232372df196ed34be69a5dc410fcbd9a4fb8fcb7865bae
03_results/15_submission_upgrade_v22/01_robustness/v22_robustness_provenance.txt,409,602f44f02aabac028300f442a7ae15001622be7e96e6df52ea50455ce772f8f9
03_results/15_submission_upgrade_v22/01_robustness/v22_strict9_model_complexity_contrasts.csv,4493,a741ab146e9065b509126652cac33884a3c3ef63f8dba55a4a13e85822ad372b
03_results/15_submission_upgrade_v22/01_robustness/v22_strict9_model_complexity_point.csv,2413,92c570bfd9096e91341029a981ea932a2f3f56de66e2601e520489343ee89a4c
03_results/15_submission_upgrade_v22/01_robustness/v22_weighting_M2_coefficients.csv,20453,4f2b95be4c9e6ae5233033ab9a3cbf685503a2c66f090b2fe7735eda33bb4ec0
03_results/15_submission_upgrade_v22/01_robustness/v22_weighting_M2_fit_audit.csv,1526,7a04446602ac7dd0d66a87e744ce31bab00c1daacdcf8cb83ece66e0004bcc07
03_results/15_submission_upgrade_v22/01_robustness/v22_weighting_M2_preprocessing.csv,9463,880973a9a51074d331f629a9e2b2ba9988da895beb20f6fccdaadf554d17bd06
03_results/16_submission_upgrade_v23/01_hrs_person_equal_dca/sessionInfo_R.txt,658,bdbacbeca6a6235319b6db411e22f0db269da9012cab3ad5c50a3dded327609b
03_results/16_submission_upgrade_v23/01_hrs_person_equal_dca/v23_HRS_equal_cohort_DCA_reference_by_outer_split.csv,3382,948d4578fa8d4975a846ade6b69c293cc2e0d31a68c0a04c5598a7d818d9a9a3
03_results/16_submission_upgrade_v23/01_hrs_person_equal_dca/v23_HRS_person_equal_DCA_by_outer_split.csv,5308,80ace7b0da3877f941e00197b21701291025d3b81dc86a6fe576348b67106915
03_results/16_submission_upgrade_v23/01_hrs_person_equal_dca/v23_HRS_person_equal_DCA_gates.csv,304,4e397820b4d32366dde3f0ab1f3990b5cc1c861e5a260a182c1f60c68b624d78
03_results/16_submission_upgrade_v23/01_hrs_person_equal_dca/v23_HRS_person_equal_DCA_provenance.json,1316,7bf4a6f38664a6b6a9fcf7c2140892cef6460e2646143ccb773da26caf450768
03_results/16_submission_upgrade_v23/01_hrs_person_equal_dca/v23_HRS_person_equal_linear_predictor_diagnostic.csv,144,89d3a80da7527dfbbc26f99fe7fd8f630798bb5302db81523bc92567614f24cb
03_results/16_submission_upgrade_v23/01_hrs_person_equal_dca/v23_HRS_person_equal_M1_point_reproduction.csv,331,161c40628abc5e68e21d4cf919ffb7addf4aa6ebf0dfef59321616a840f4a039
03_results/16_submission_upgrade_v23/01_hrs_person_equal_dca/v23_HRS_person_equal_model_matrix_diagnostic.csv,1179,c5c98f4c5558b4f323ae84836d059bc5cfb8f278b4b72f7f36c7630cce35a292
03_results/16_submission_upgrade_v23/01_hrs_person_equal_dca/v23_HRS_person_equal_prediction_gates.csv,127,50ef5f96720a7651f399f07520427e03e1a2606c4ab28d41b9e3486dcc729d6b
03_results/16_submission_upgrade_v23/01_hrs_person_equal_dca/v23_HRS_weighting_DCA_paired_outer_contrast.csv,2144,3c23417b62f4a33b48b0ee40a4a6f770ed456689c67edc91cd3d73ae51b4ed4f
03_results/16_submission_upgrade_v23/01_hrs_person_equal_dca/v23_HRS_weighting_DCA_paired_summary.csv,317,bf6249a726fcb12e87151021cd2178a564050761c8be55362d505b1782bdcb20
03_results/16_submission_upgrade_v23/01_hrs_person_equal_dca/v23_HRS_weighting_DCA_summary.csv,1016,7fbb2230a40e1ca9ca3d1523d081fd31dbb5bff4b59a489878375d7f64f198a3
03_results/16_submission_upgrade_v23/02_submission_tables/figure_sources/Figure2C_probability_gap_bootstrap.csv,297,3576d7be8ed9bbee5712538e3b81595964bd07d3a5f0413b5a4ebd292943d152
03_results/16_submission_upgrade_v23/02_submission_tables/figure_sources/Figure4D_DCA_delta_outer_summary.csv,3864,df70765ed04841e7492ddcbfcb8f59c9e60b66ff394bb4ff964415dd1ff6085c
03_results/16_submission_upgrade_v23/02_submission_tables/main/Table1_participant_predictor_profile_display.csv,1193,47fd03027c275262150710f4dbd6d16df113db75ac191a17906f707831ad47a6
03_results/16_submission_upgrade_v23/02_submission_tables/main/Table1_participant_predictor_profile_numeric_long.csv,7341,720b860dd95b26d7edae8fd49c8b71502c3145fb557fb247b54d3eadd6b1afe6
03_results/16_submission_upgrade_v23/02_submission_tables/main/Table2_country_out_performance.csv,2762,64dac0e17aba492c0396eb45510cc193590271cc6796ff609657c2edfaf85aa3
03_results/16_submission_upgrade_v23/02_submission_tables/main/Table3_M1_increment_over_age_sex.csv,1751,a43d1cc2299c9250f717390bc3132bc945dd668a063031aa1e2e17164493201f
03_results/16_submission_upgrade_v23/02_submission_tables/sessionInfo_table1.txt,658,bdbacbeca6a6235319b6db411e22f0db269da9012cab3ad5c50a3dded327609b
03_results/16_submission_upgrade_v23/02_submission_tables/supplement/eTable10B_random_split_concealment_frequency.csv,371,6892e8830f843065a0d7c3692590d2c5546e4a116c7415bb85a94ac5b97abe08
03_results/16_submission_upgrade_v23/02_submission_tables/supplement/eTable10C_random_split_vs_country_out.csv,3256,bc7dd68dfb4023572a7322e763cfddfd904c165835367bfc13c8bb5ab63a978f
03_results/16_submission_upgrade_v23/02_submission_tables/supplement/eTable11_flexible_calibration_bins.csv,22934,ad6a18077f9b984a65301a83d74d1e028bc7020583671710579cf55a4f5a39e9
03_results/16_submission_upgrade_v23/02_submission_tables/supplement/eTable12_flexible_calibration_curves.csv,171871,a67f7e69409a7efd8a959945af0e8e1263b860f8dd92e0d0e2e973dfe8bb39c2
03_results/16_submission_upgrade_v23/02_submission_tables/supplement/eTable14A_nested_updating_continuous_curves.csv,36450,ed4573616feb5cce31d5fe782c1fa857eb75e3ea6520d4a717dea1e5c725e976
03_results/16_submission_upgrade_v23/02_submission_tables/supplement/eTable17_development_contribution_weighting.csv,5067,4bace823f393245140dbf5a84c3f8edb2971afa3ee4f7a01f638e6471fa94c77
03_results/16_submission_upgrade_v23/02_submission_tables/supplement/eTable18_exploratory_M1_M2H_M2S_transparency.csv,4518,cd9613d6748606e453b205a59e9a87ccda37a63e77da0f56713b33449b8e299e
03_results/16_submission_upgrade_v23/02_submission_tables/supplement/eTable19A_primary_vs_extended_windows.csv,6240,95deef2ff03149b84fe575f217a1042eb1e4d679feb3ced09a7fd1dcf9b83a6c
03_results/16_submission_upgrade_v23/02_submission_tables/supplement/eTable19B_all_temporal_updating_windows.csv,46642,48f0e346006462b3e491a963eddb4a6c9e3e23d3b2aad17801f6bf0ac52f0a90
03_results/16_submission_upgrade_v23/02_submission_tables/supplement/eTable19C_temporal_updating_summary.csv,954,2ad7bd69a723da86c54bac63fd4cf7792eb8561d0fdd21b97cbe2c6166311413
03_results/16_submission_upgrade_v23/02_submission_tables/supplement/eTable1_strict9_flow_and_population.csv,1311,5af88c7c1d7307c39d892946fa0904e0e2903a9f2b812e203f14ccf69c9c88d5
03_results/16_submission_upgrade_v23/02_submission_tables/supplement/eTable20_sequence_count_reconciliation.csv,1202,4612b930237f4fda4eb6dd51e87ac355b308c15354fce99a0ccbb9ee817a25b4
03_results/16_submission_upgrade_v23/02_submission_tables/supplement/eTable21A_M1_country_out_coefficients.csv,3576,930e68662b36103acd1c152e3bc2bf6c718436630b3d032728f3095b59e1626b
03_results/16_submission_upgrade_v23/02_submission_tables/supplement/eTable21B_M1_preprocessing_and_scaling.csv,1605,688b9ee0ed111c7be15acede9296d177d9a4db646d3f19bbb93312863b9f8ef1
03_results/16_submission_upgrade_v23/02_submission_tables/supplement/eTable22_death_ascertainment_by_cohort.csv,655,70ce4c1f6f6e92ed778bfe80e69c23f0371226c14a09a8c4a382b73f8106cfc0
03_results/16_submission_upgrade_v23/02_submission_tables/supplement/eTable2_exact_common_9item_concordance.csv,1927,9cb311a4c918caad81deecb5d04391157679b4018976c338f48c311cb1c0c64e
03_results/16_submission_upgrade_v23/02_submission_tables/supplement/eTable3_flow_by_landmark.csv,3210,17a0491e2402fb22a563d5203a9255ac7f1ecab9bf49610cb62960a768a5d156
03_results/16_submission_upgrade_v23/02_submission_tables/supplement/eTable5_M1_increment_cluster_bootstrap.csv,1751,a43d1cc2299c9250f717390bc3132bc945dd668a063031aa1e2e17164493201f
03_results/16_submission_upgrade_v23/02_submission_tables/supplement/eTable7_respondent_weighted_point_estimates.csv,3712,bd7e8aa5b9e0a127da1c7a71893aa7e648e226b4b3506dce75fc29b20f29d291
03_results/16_submission_upgrade_v23/02_submission_tables/supplement/eTable8_legacy_vs_exact9_outcome_sensitivity.csv,1435,ab752a02296ae638e3d6a199222c003587467a698f5c447f990081d9020eb88d
03_results/16_submission_upgrade_v23/02_submission_tables/supplement/eTable9B_telephone_specific_trigger_counts.csv,1287,339da51bd552d7a5354075740642370b4bce8a3ceb75047267303d448c716bbf
03_results/16_submission_upgrade_v23/02_submission_tables/v23_all_analysis_gates.csv,8133,627a78342304e1d5aad31c7df5482945b350d1676949408a2c6866090d48c22a
03_results/16_submission_upgrade_v23/02_submission_tables/v23_key_results_canon.json,41114,2cc8356e9946307fb80c3487cb6a998a9fb904c14d576d8b977f38061d055380
03_results/16_submission_upgrade_v23/02_submission_tables/v23_submission_table_inventory.csv,1650,026acc03e9f1fdf0206274054b5cd105ec6348604e228875a701c57fb1e7a7d3
03_results/16_submission_upgrade_v23/02_submission_tables/v23_table1_profile_gates.csv,200,05857fa3c432b36a42fb83efbacdddd63354826df769d758d3110176659199f7
03_results/16_submission_upgrade_v23/02_submission_tables/v23_table_compiler_gates.csv,322,dd167842e9f4a92984269eab98a9693dd74707abf6fed121a4583bdb9a004f5a
03_results/18_submission_upgrade_v25/03_manuscript_qc/manuscript_source_qc.json,6424,1ff3d755da4e07c94f2e0d1a8993137e3945434fe68568e00075013245c81820
04_figures/submission_v25/sessionInfo.txt,1265,cc291e38ee8d1794ba1546bcad7c673777fbc44f962816dd4f1448d74095ba4b
04_figures/submission_v25/source_data/eFigure_3_death_boundaries.csv,2225,a546464caba0f2a62e541c5297c9896a8c0e8af63655ee39e8f1357376a7381b
04_figures/submission_v25/source_data/eFigure_6_temporal_updating.csv,16823,b99b047e6132d1c1c6af23763df09d78fd2125c9fcb31fc5679ede74b72a7a0b
04_figures/submission_v25/source_data/eFigure_7_development_weighting.csv,2410,691e85c382c5465a2d473a78c540a7af527e44de3fa5016208673e267f22ac42
04_figures/submission_v25/source_data/eFigure_8A_indication_consequence.csv,1337,79a562596b04aa3b09e69a3894e3b3df5c48cc89b72c8d1f2efaaa579517a5be
04_figures/submission_v25/source_data/eFigure_8BC_update_curves.csv,18568,296f29b946538c3c90cec3668f1146ea8cbd52d0afa83534307981d2d96fd061
04_figures/submission_v25/source_data/Figure_1B_country_holdout_rotations.csv,129,a678455905f6982e8c610c3c250e12414bbf0b2af0c0881abe65f90975947241
04_figures/submission_v25/source_data/Figure_1C_flow_status.csv,307,233dfaf38de1061d0953c6b90f9f8c96c4904705a81f80915919fad95846ce37
04_figures/submission_v25/source_data/Figure_2AB_incremental_value.csv,1715,ce0865b4c20d946fc4ccac243668a9c2c1772be81553c5a86506d86c63ac700c
04_figures/submission_v25/source_data/Figure_2C_probability_gap.csv,276,193f993a113e41d80ac69145cda16cbd2b18d0c88fe86c19a779679b88decd63
04_figures/submission_v25/source_data/Figure_2D_failure_distribution.csv,88,20d4c35dd04d1ec6e1c4ebc7d89389db2afdf5041470e440e3cf6c4836c090d7
04_figures/submission_v25/source_data/Figure_3_calibration_bins.csv,5860,068bb2b335e505c6c1f557d9b7d28855ce3bc54df6fcab6d616cbf507cde432b
04_figures/submission_v25/source_data/Figure_3_flexible_calibration_curves.csv,43017,69ed518d286a4425c3bfcd1d9635099910a8de3c8dd80a187f8b5edf58714813
04_figures/submission_v25/source_data/Figure_4A_primary_probability_gap.csv,1227,333bd132d406fd716c8014051d306e5b9797ecf291e7d202ee7475511824f269
04_figures/submission_v25/source_data/Figure_4B_before_after_abs_CITL.csv,687,2dad8f1abc02580463c60aa2c5d15ab87f340bab4e500dca764b15caca899728
04_figures/submission_v25/source_data/Figure_4C_delta_Brier_largest_fraction.csv,765,d27f747e81151cffcfed4e783c81952dadffb4c12a70f7f42334f90d4607fb9e
04_figures/submission_v25/source_data/Figure_4D_DCA_outer_intervals.csv,5937,f78a79b9207c8fe0aefb0258e8840dcbbb876f605fa42ff857cdc9ca4215b32b
04_figures/submission_v25/v25_figure_gates.csv,491,78d5c686cabbc8c0be5519ce655cbd0cf57feb5027ebb21ed66e1e06750ce192
04_figures/submission_v25/vector/eFigure_1.pdf,37704,ba47d4c264bb5f34835bd92eaaacecd2d7be70d67b4e9f853cecd8f1d734b908
04_figures/submission_v25/vector/eFigure_1.svg,55308,d65148501a7c87262c4f1e81fb99956e5fc0400198e99d978496061f87d2dc70
04_figures/submission_v25/vector/eFigure_2.pdf,35266,4179b0dabfacce5f06b38dfbf0cb59c4842939f2babdef9e308845b0f40e9d54
04_figures/submission_v25/vector/eFigure_2.svg,9009,0881d7c5f1a93e43a9b9714a2d6a311ad9fe53281cc0f4442d42fccc4bfcb873
04_figures/submission_v25/vector/eFigure_3.pdf,35708,f5423f9f120e8b8f0eeadf747af9bd681504222d100405423208e43d04b3c860
04_figures/submission_v25/vector/eFigure_3.svg,12449,1d027c8b523c08f4cd12ecd78cc02b047bcf2f89d39052bbdcea333450229f14
04_figures/submission_v25/vector/eFigure_4.pdf,33794,6a8e18ec6cc7521f4f3395746c23b78585b8fcb0a2e5bf0128a416354e7a608b
04_figures/submission_v25/vector/eFigure_4.svg,11457,4d1268376cd5d17a02de151831d963b010fe9f44492e70f8bc48818d8298258c
04_figures/submission_v25/vector/eFigure_5.pdf,34197,4bb1b35ea8872a57006b2d65179dd09bd83b106350c964d7bcddf79dddcb2b34
04_figures/submission_v25/vector/eFigure_5.svg,6071,c306e0a0e9622bb8d24436dc37ebc254d06bca64a82b49139e5bea2df99fa706
04_figures/submission_v25/vector/eFigure_6.pdf,38269,8421182328fc930a24167e3be9bc3162823d578fd86d589bc7f54fa6514f2c68
04_figures/submission_v25/vector/eFigure_6.svg,17023,add4b80ae6d160083127362a3f43e5049cd3ce09ac4669e59b54183e88c5c45c
04_figures/submission_v25/vector/eFigure_7.pdf,35024,f2a992a6a4fadf3bf809c6aa70ea05c333d4e7a2b37c4907550e071933a0a3e2
04_figures/submission_v25/vector/eFigure_7.svg,14534,45d298ea22831fd6dc3c94d2ea28e106496a57641f378f5c22ab6dd42ab9b1a8
04_figures/submission_v25/vector/eFigure_8.pdf,55591,cbc170587072cc1311e88b6b38b80bbf9807897cf50856bb23257cff931f0adc
04_figures/submission_v25/vector/eFigure_8.svg,38362,a219a33597294815cba17c23cf464ebfb80c05a0452e8f5d10769420efa8b77e
04_figures/submission_v25/vector/Figure_1.pdf,58123,4413b8c3e355bab8087212a6eaf9ba7cda546ac9c56c5be5be61f9dec6209c1e
04_figures/submission_v25/vector/Figure_1.svg,24220,edab921c67378a54388d6b282ed9ee9bbe63ae7cf17011fa79dee35c970d69cd
04_figures/submission_v25/vector/Figure_2.pdf,58399,95faf165091ffba09914508bf53bcfc08336e91708faa3d7683cd4965928b39b
04_figures/submission_v25/vector/Figure_2.svg,26317,f2f85918beab2ae7ff7a7df41b35b51f48fbef78eed5a4468947fd0ebe3974d0
04_figures/submission_v25/vector/Figure_3.pdf,52472,b3c0b560fbf5b09258848caf88b8e7fb47b08e6ea7a715879afbff2e043329ec
04_figures/submission_v25/vector/Figure_3.svg,73302,c15d3e904ef84f6e97b30869f8d35eca8917a86bc436c781ecde8f0c33de5cb1
04_figures/submission_v25/vector/Figure_4.pdf,53199,22c7114caed929ca5cbc48d94e8902c3ac1599107f143cfe75ff67ad1015abf1
04_figures/submission_v25/vector/Figure_4.svg,33109,752022f3360bab0aea6151cc1192d0b97ad9e1b0af5759a8c556a7f5f1a2e32d
04_figures/submission_v25/vector_figure_structural_audit.csv,410,9607c9a7cdf6bacf79627fc15f7438ba0a54d96c2dce6c152dcbcbe2e03fa6e8
05_manuscript/main_manuscript.md,33775,567f784cdc45b2551d4c5a53535ec3386f400cb9f997ed8103eff2076ba0a530
05_manuscript/reporting_crosswalk.md,4312,0a612831fba20c97cb7554f5d03083e7040540978e900f090c357086a09dec11
05_manuscript/supplement.md,20468,d01cb4dbe795370bc33545f9be12970490954f1b07dd8f3a400825e66292ff81
05_manuscript/Supplement_2_eTables.xlsx,571811,ac200703f1e430b9ea29bb553a5f0f9c8da02e6f7efee35aa55c65d6e6a2fe8f
CITATION.cff,741,4e30dc139bbf9bb878adaad31ff62a48dce115ce3ab491de8665ea6c0cc74daf
DATA_ACCESS.md,917,451b4723b121b75985373ce2dd0cdd5a02c4e59ccc86ac5869e0dba15dd46599
LICENSE,1124,55161cecc95aab8146d10be6341277e97d6000cb31776aa5e1bb45b127742b41
README.md,2781,b8264f186ed0fa22281aae4bdfb44432b659c3a8f74b20f7283fe35617c6dd15
REPRODUCE.md,1603,045189a95f2f31eb9c11854dea41e64f8c1b9969c93d60edf16ed262dde70c5d
requirements.txt,13,7c3194b101c68d4c524948fd09ec3dff5e7ecf54f11e8ccc23440ff932a604e7
