riskset_type,heldout,model,repetitions,event_rate_median,event_rate_lower_95,event_rate_upper_95,mean_prediction_median,mean_prediction_lower_95,mean_prediction_upper_95,auc_median,auc_lower_95,auc_upper_95,brier_median,brier_lower_95,brier_upper_95,calibration_intercept_median,calibration_intercept_lower_95,calibration_intercept_upper_95,calibration_slope_median,calibration_slope_lower_95,calibration_slope_upper_95
two_wave,CHARLS,M0,300,0.20076628352490422,0.18888250319284802,0.2144508301404853,0.09283130535009945,0.09169076316120761,0.09414720228140777,0.6163319165599572,0.5939344352339901,0.6364873710679227,0.16846637840957196,0.15927614910018006,0.17853887419354525,0.9232272865931872,0.8503168848270125,1.0089597211327015,0.9349240416807378,0.769966631805675,1.099148828933565
two_wave,CHARLS,M1,300,0.20076628352490422,0.18888250319284802,0.2144508301404853,0.11163087157869873,0.1096837871988934,0.11386483561822677,0.6620084644882939,0.6416199749842384,0.6839873102625214,0.15870468005969518,0.14993006503001768,0.16849801939328796,0.7437691025635822,0.6669368848488062,0.8290577608583104,0.8566365168788477,0.7374109488834665,0.9742238602589617
two_wave,CHARLS,M1_MINUS_M0,300,0.0,0.0,0.0,0.018942473910324574,0.017281898479668795,0.020754726536818462,0.046370016874746456,0.022991480008483,0.06754553527497761,-0.00956370193249112,-0.011477975569516359,-0.00788464177117785,-0.1792336898705768,-0.1969647870357914,-0.1610874820599541,0.058042831513025084,-0.07069241388568893,0.18575087183909103
two_wave,HRS,M0,300,0.09605100994144275,0.09412767304669135,0.09788722928993565,0.17066051012254219,0.16973240274386894,0.17156498866890488,0.6363677743393257,0.6298600869623912,0.6422805634751994,0.09043148134523292,0.0890681234471443,0.09158919734154951,-0.6770890704211496,-0.6989010227013069,-0.6556891710125134,1.1143956069093748,1.0620976449200321,1.1690859758036936
two_wave,HRS,M1,300,0.09605100994144275,0.09412767304669135,0.09788722928993565,0.11486048122696325,0.11390584631218585,0.11602846929971203,0.748525778558653,0.7434784407847229,0.7530990606536367,0.08009088165399275,0.07873351489059718,0.08135362510581443,-0.21522124651346686,-0.23527661295772526,-0.19220330609067363,1.1077117841306547,1.0776946258807616,1.135777778850113
two_wave,HRS,M1_MINUS_M0,300,0.0,0.0,0.0,-0.055785499728997524,-0.05666555083094703,-0.05481515791129769,0.11221508294741539,0.10623905841927739,0.11875004079338167,-0.01029824636120507,-0.010727428296886556,-0.00987477594948917,-0.4624822715781596,-0.47080632792529264,-0.4512027361710836,-0.006394908660410925,-0.0568126315119773,0.04312051668601807
two_wave,ELSA,M0,300,0.09695812526367265,0.09386260468357108,0.10053724725590593,0.15375138411699096,0.1526570335437141,0.15469765979864825,0.644011743721963,0.634067601490127,0.6545737153329287,0.08805862277380486,0.08592086272151905,0.0903829427920175,-0.5354735577554879,-0.5696549148298611,-0.49385841319535356,1.4841394415234184,1.3885514819062748,1.588173620423482
two_wave,ELSA,M1,300,0.09695812526367265,0.09386260468357108,0.10053724725590593,0.08160991585312749,0.08028789504225407,0.0827977745980641,0.7492487816247659,0.7409920220720023,0.7588415156744863,0.08030581796008719,0.07804929761464005,0.0830505389655542,0.20413574022406558,0.1660724376850362,0.2428837187780117,1.1009963627233335,1.0554092972151266,1.1527426045429627
two_wave,ELSA,M1_MINUS_M0,300,0.0,0.0,0.0,-0.07216515042138477,-0.07312705623052868,-0.07104100528268377,0.10573189306083525,0.09682250267170368,0.11375947228843507,-0.007706362533539957,-0.008234657321175894,-0.00710884665435892,-0.3328368611495832,-0.403905085041025,-0.2513219300575987,-0.3806780458651442,-0.46974357630987235,-0.2999407832538659
two_wave,MHAS,M0,300,0.15028680978348935,0.14310116419445745,0.15847406999138774,0.13063267611995244,0.12961577127631038,0.13151028921246924,0.6375546591998014,0.6200664470556149,0.652086170820337,0.12454649188117287,0.11940784217681097,0.1305962075802761,0.16470289022520695,0.10558088943913807,0.22944060419054746,1.6937586118276586,1.4791267307029468,1.8763877474778947
two_wave,MHAS,M1,300,0.15028680978348935,0.14310116419445745,0.15847406999138774,0.2618739372217872,0.25779818660241505,0.26541704198230054,0.7023678720938618,0.6844545996539533,0.7175767877150443,0.13567188837313393,0.1319754655394077,0.13997837125732504,-0.7885864827363295,-0.8518612354700129,-0.7189118061972554,0.8338299009328574,0.7544009053273059,0.906803456262532
two_wave,MHAS,M1_MINUS_M0,300,0.0,0.0,0.0,0.13123388044085205,0.12786756063624477,0.13439642895052384,0.06381205681970625,0.0473088701903576,0.08113900225892637,0.01127548113292156,0.007022153163643657,0.015115813906740255,0.6243656294832224,0.49574855949457886,0.7444326744474307,-0.5289319661133863,-0.7413305849248565,-0.2664771008550071
one_wave,CHARLS,M0,300,0.24079588046331984,0.233296762896085,0.24956523424508523,0.11529978503104704,0.11428053678093845,0.11638208588780245,0.6128252086291641,0.6001271326877873,0.6243921397955531,0.19379490252070888,0.18783459181942114,0.20037237184977646,0.9178260935134145,0.8753520675921077,0.96467151865295,0.9362068636721826,0.8319255297396491,1.0372961168193844
one_wave,CHARLS,M1,300,0.24079588046331984,0.233296762896085,0.24956523424508523,0.1308154265363981,0.12901603922826257,0.13308756928546217,0.6877573871941988,0.6762345818835152,0.6997128937441871,0.18101445663731194,0.1750890143320679,0.18677917232646324,0.8152632105633022,0.7704063979787472,0.8630368417028942,0.9463643273690558,0.8813625358941974,1.0171808446955057
one_wave,CHARLS,M1_MINUS_M0,300,0.0,0.0,0.0,0.015549478973760252,0.013864183533373807,0.017205205314823665,0.07534097144698387,0.06326872612532941,0.08857647059841961,-0.013085369414310627,-0.014622229616113406,-0.011697513843870248,-0.10284043804037168,-0.11795135930227019,-0.08863636057298258,-0.010992069878853206,-0.10032851698191354,0.06314233462069377
one_wave,HRS,M0,300,0.11981917552491948,0.11786250339068235,0.12215227993692704,0.2020780436922747,0.20118063672546477,0.20292646107960519,0.6241765039704772,0.6190039055943664,0.6294969367252947,0.10988293539944259,0.1087294259967,0.11126159249469442,-0.6392985087393837,-0.6596652291319584,-0.6166299890696035,1.006260679436589,0.9642923149985532,1.0472477699582816
one_wave,HRS,M1,300,0.11981917552491948,0.11786250339068235,0.12215227993692704,0.15706939051486835,0.15566024408456822,0.15829508319316415,0.7513285715392284,0.7462928298035358,0.755928125204341,0.09705391138042412,0.09574638573132055,0.09853593437644123,-0.35109024275721934,-0.37318250822893206,-0.3270119095563223,1.014598643219939,0.9865984589893201,1.0418479856907021
one_wave,HRS,M1_MINUS_M0,300,0.0,0.0,0.0,-0.04501930919864547,-0.04625868321975691,-0.0436905550172773,0.1270200391105339,0.12172181283291283,0.13254595860586385,-0.01285884702952346,-0.013511037836591747,-0.012210940077553415,-0.28862832362473373,-0.298702558996869,-0.27909307869315114,-0.0010379626193509073,-0.03994288931782889,0.027654190261461147
one_wave,ELSA,M0,300,0.12569331386925217,0.12205736019610368,0.1292243257298465,0.18273989224341164,0.1815841210882138,0.18391282145297952,0.637006773417254,0.6274262285893627,0.6471088987979573,0.10939768502401939,0.10709636014716098,0.11148746963126152,-0.45059251231967945,-0.4841186719594302,-0.4195378705226613,1.3762428295012126,1.2841500274005215,1.4748009008983574
one_wave,ELSA,M1,300,0.12569331386925217,0.12205736019610368,0.1292243257298465,0.11311763150402157,0.11132926730586545,0.11492065995534569,0.7609529938325417,0.7534306498754482,0.767853655320842,0.09773748251068774,0.09517421340060246,0.10027667428465081,0.13322523539955106,0.10216627128158484,0.16784249268723206,1.0471407278844578,1.009677284444134,1.079865408204373
one_wave,ELSA,M1_MINUS_M0,300,0.0,0.0,0.0,-0.06959455680127616,-0.07101930978331926,-0.06804648619389952,0.12415561273127235,0.11569709860666867,0.13252560766137514,-0.011632646459203838,-0.01238280255639236,-0.010784225257668058,-0.3174033012343572,-0.38068835465123413,-0.2530185610321765,-0.32932129980443503,-0.4138867720394033,-0.24249574964438034
one_wave,MHAS,M0,300,0.16918253917271214,0.16424732230520597,0.17537183096157113,0.1590601731376009,0.1583782701802097,0.15981084791710243,0.647257476982064,0.6367073736133986,0.6565656240063215,0.13565351285796728,0.13203681677024506,0.1396875497940199,0.07473588550649947,0.04125439060929,0.11732603764389148,1.7503074598453812,1.6358619780256898,1.8654856445682124
one_wave,MHAS,M1,300,0.16918253917271214,0.16424732230520597,0.17537183096157113,0.2811724643133268,0.2779942652137814,0.2842373218353439,0.7200831061344768,0.712342108633117,0.7278784577757733,0.14347203513334778,0.1407583794144643,0.14604349975406505,-0.7568311905637679,-0.7941670127066552,-0.7152208813363442,0.8747553950296394,0.8363708881272063,0.9135063445336103
one_wave,MHAS,M1_MINUS_M0,300,0.0,0.0,0.0,0.12204810029154443,0.11921770758662861,0.125118017164393,0.07276630254358935,0.0610021751426969,0.08258253222276889,0.007886962002219902,0.005262480610641443,0.010330882955912236,0.6818354935985931,0.6001851886484433,0.7544717321688209,-0.6260099866213833,-0.7538295059420657,-0.5037350330696877
