value,N,cohort,variable
,7368,CHARLS,r2batha
0,17002,CHARLS,r2batha
1,1216,CHARLS,r2batha
,7347,CHARLS,r2beda
0,17192,CHARLS,r2beda
1,1047,CHARLS,r2beda
,7346,CHARLS,r2dressa
0,17299,CHARLS,r2dressa
1,941,CHARLS,r2dressa
,7346,CHARLS,r2eata
0,17819,CHARLS,r2eata
1,421,CHARLS,r2eata
,7278,CHARLS,r2mealsa
0,16622,CHARLS,r2mealsa
1,1686,CHARLS,r2mealsa
,7244,CHARLS,r2medsa
0,17418,CHARLS,r2medsa
1,924,CHARLS,r2medsa
,7343,CHARLS,r2moneya
0,16307,CHARLS,r2moneya
1,1936,CHARLS,r2moneya
,8163,CHARLS,r2phonea
0,15126,CHARLS,r2phonea
1,2297,CHARLS,r2phonea
,7269,CHARLS,r2shopa
0,16749,CHARLS,r2shopa
1,1568,CHARLS,r2shopa
,7348,CHARLS,r2toilta
0,16093,CHARLS,r2toilta
1,2145,CHARLS,r2toilta
,5419,CHARLS,r3batha
0,18627,CHARLS,r3batha
1,1540,CHARLS,r3batha
,5399,CHARLS,r3beda
0,18779,CHARLS,r3beda
1,1408,CHARLS,r3beda
,5394,CHARLS,r3dressa
0,18957,CHARLS,r3dressa
1,1235,CHARLS,r3dressa
,5395,CHARLS,r3eata
0,19660,CHARLS,r3eata
1,531,CHARLS,r3eata
,4740,CHARLS,r3mealsa
0,18902,CHARLS,r3mealsa
1,1944,CHARLS,r3mealsa
,4724,CHARLS,r3medsa
0,19812,CHARLS,r3medsa
1,1050,CHARLS,r3medsa
,4802,CHARLS,r3moneya
0,18598,CHARLS,r3moneya
1,2186,CHARLS,r3moneya
,5582,CHARLS,r3phonea
0,17652,CHARLS,r3phonea
1,2352,CHARLS,r3phonea
,4743,CHARLS,r3shopa
0,19055,CHARLS,r3shopa
1,1788,CHARLS,r3shopa
,5400,CHARLS,r3toilta
0,17518,CHARLS,r3toilta
1,2668,CHARLS,r3toilta
,6132,CHARLS,r4batha
0,17779,CHARLS,r4batha
1,1675,CHARLS,r4batha
,6132,CHARLS,r4beda
0,18043,CHARLS,r4beda
1,1411,CHARLS,r4beda
,6131,CHARLS,r4dressa
0,18076,CHARLS,r4dressa
1,1379,CHARLS,r4dressa
,6132,CHARLS,r4eata
0,18912,CHARLS,r4eata
1,542,CHARLS,r4eata
,5865,CHARLS,r4mealsa
0,17467,CHARLS,r4mealsa
1,2254,CHARLS,r4mealsa
,5865,CHARLS,r4medsa
0,18567,CHARLS,r4medsa
1,1154,CHARLS,r4medsa
,5865,CHARLS,r4moneya
0,17417,CHARLS,r4moneya
1,2304,CHARLS,r4moneya
,7012,CHARLS,r4phonea
0,16480,CHARLS,r4phonea
1,2094,CHARLS,r4phonea
,5865,CHARLS,r4shopa
0,17825,CHARLS,r4shopa
1,1896,CHARLS,r4shopa
,6132,CHARLS,r4toilta
0,17205,CHARLS,r4toilta
1,2249,CHARLS,r4toilta
,14090,ELSA,r10batha
-18,1,ELSA,r10batha
-4,1,ELSA,r10batha
0,6932,ELSA,r10batha
1,655,ELSA,r10batha
,14090,ELSA,r10beda
-18,1,ELSA,r10beda
-4,1,ELSA,r10beda
0,7091,ELSA,r10beda
1,496,ELSA,r10beda
,14090,ELSA,r10dressa
-18,1,ELSA,r10dressa
-4,1,ELSA,r10dressa
0,6577,ELSA,r10dressa
1,1010,ELSA,r10dressa
,14090,ELSA,r10eata
-18,1,ELSA,r10eata
-4,1,ELSA,r10eata
0,7384,ELSA,r10eata
1,203,ELSA,r10eata
,14090,ELSA,r10mealsa
-18,1,ELSA,r10mealsa
-4,1,ELSA,r10mealsa
0,7191,ELSA,r10mealsa
1,396,ELSA,r10mealsa
,14090,ELSA,r10medsa
-18,1,ELSA,r10medsa
-4,1,ELSA,r10medsa
0,7401,ELSA,r10medsa
1,186,ELSA,r10medsa
,14090,ELSA,r10moneya
-18,1,ELSA,r10moneya
-4,1,ELSA,r10moneya
0,7325,ELSA,r10moneya
1,262,ELSA,r10moneya
,14090,ELSA,r10phonea
-18,1,ELSA,r10phonea
-4,1,ELSA,r10phonea
0,7380,ELSA,r10phonea
1,207,ELSA,r10phonea
,14090,ELSA,r10shopa
-18,1,ELSA,r10shopa
-4,1,ELSA,r10shopa
0,6948,ELSA,r10shopa
1,639,ELSA,r10shopa
,14090,ELSA,r10toilta
-18,1,ELSA,r10toilta
-4,1,ELSA,r10toilta
0,7236,ELSA,r10toilta
1,351,ELSA,r10toilta
,9580,ELSA,r1batha
-18,4,ELSA,r1batha
-16,175,ELSA,r1batha
-4,12,ELSA,r1batha
0,10485,ELSA,r1batha
1,1423,ELSA,r1batha
,9580,ELSA,r1beda
-18,4,ELSA,r1beda
-16,175,ELSA,r1beda
-4,12,ELSA,r1beda
0,11115,ELSA,r1beda
1,793,ELSA,r1beda
,9580,ELSA,r1dressa
-18,4,ELSA,r1dressa
-16,175,ELSA,r1dressa
-4,12,ELSA,r1dressa
0,10359,ELSA,r1dressa
1,1549,ELSA,r1dressa
,9580,ELSA,r1eata
-18,4,ELSA,r1eata
-16,175,ELSA,r1eata
-4,12,ELSA,r1eata
0,11690,ELSA,r1eata
1,218,ELSA,r1eata
,9580,ELSA,r1mealsa
-18,4,ELSA,r1mealsa
-16,175,ELSA,r1mealsa
-4,12,ELSA,r1mealsa
0,11387,ELSA,r1mealsa
1,521,ELSA,r1mealsa
,9580,ELSA,r1medsa
-18,4,ELSA,r1medsa
-16,175,ELSA,r1medsa
-4,12,ELSA,r1medsa
0,11731,ELSA,r1medsa
1,177,ELSA,r1medsa
,9580,ELSA,r1moneya
-18,4,ELSA,r1moneya
-16,175,ELSA,r1moneya
-4,12,ELSA,r1moneya
0,11620,ELSA,r1moneya
1,288,ELSA,r1moneya
,9580,ELSA,r1phonea
-18,4,ELSA,r1phonea
-16,175,ELSA,r1phonea
-4,12,ELSA,r1phonea
0,11695,ELSA,r1phonea
1,213,ELSA,r1phonea
,9580,ELSA,r1shopa
-18,4,ELSA,r1shopa
-16,175,ELSA,r1shopa
-4,12,ELSA,r1shopa
0,10801,ELSA,r1shopa
1,1107,ELSA,r1shopa
,9580,ELSA,r1toilta
-18,4,ELSA,r1toilta
-16,175,ELSA,r1toilta
-4,12,ELSA,r1toilta
0,11489,ELSA,r1toilta
1,419,ELSA,r1toilta
,12247,ELSA,r2batha
-18,2,ELSA,r2batha
-4,1,ELSA,r2batha
0,8298,ELSA,r2batha
1,1131,ELSA,r2batha
,12247,ELSA,r2beda
-18,2,ELSA,r2beda
-4,1,ELSA,r2beda
0,8827,ELSA,r2beda
1,602,ELSA,r2beda
,12247,ELSA,r2dressa
-18,2,ELSA,r2dressa
-4,1,ELSA,r2dressa
0,8144,ELSA,r2dressa
1,1285,ELSA,r2dressa
,12247,ELSA,r2eata
-18,2,ELSA,r2eata
-4,1,ELSA,r2eata
0,9207,ELSA,r2eata
1,222,ELSA,r2eata
,12247,ELSA,r2mealsa
-18,2,ELSA,r2mealsa
-4,1,ELSA,r2mealsa
0,8949,ELSA,r2mealsa
1,480,ELSA,r2mealsa
,12247,ELSA,r2medsa
-18,2,ELSA,r2medsa
-4,1,ELSA,r2medsa
0,9224,ELSA,r2medsa
1,205,ELSA,r2medsa
,12247,ELSA,r2moneya
-18,2,ELSA,r2moneya
-4,1,ELSA,r2moneya
0,9117,ELSA,r2moneya
1,312,ELSA,r2moneya
,12247,ELSA,r2phonea
-18,2,ELSA,r2phonea
-4,1,ELSA,r2phonea
0,9211,ELSA,r2phonea
1,218,ELSA,r2phonea
,12247,ELSA,r2shopa
-18,2,ELSA,r2shopa
-4,1,ELSA,r2shopa
0,8496,ELSA,r2shopa
1,933,ELSA,r2shopa
,12247,ELSA,r2toilta
-18,2,ELSA,r2toilta
-4,1,ELSA,r2toilta
0,9118,ELSA,r2toilta
1,311,ELSA,r2toilta
,11913,ELSA,r3batha
-13,4,ELSA,r3batha
0,8687,ELSA,r3batha
1,1075,ELSA,r3batha
,11913,ELSA,r3beda
-13,4,ELSA,r3beda
0,9149,ELSA,r3beda
1,613,ELSA,r3beda
,11913,ELSA,r3dressa
-13,4,ELSA,r3dressa
0,8530,ELSA,r3dressa
1,1232,ELSA,r3dressa
,11913,ELSA,r3eata
-13,4,ELSA,r3eata
0,9525,ELSA,r3eata
1,237,ELSA,r3eata
,11913,ELSA,r3mealsa
-13,4,ELSA,r3mealsa
0,9274,ELSA,r3mealsa
1,488,ELSA,r3mealsa
,11913,ELSA,r3medsa
-13,4,ELSA,r3medsa
0,9540,ELSA,r3medsa
1,222,ELSA,r3medsa
,11913,ELSA,r3moneya
-13,4,ELSA,r3moneya
0,9404,ELSA,r3moneya
1,358,ELSA,r3moneya
,11913,ELSA,r3phonea
-13,4,ELSA,r3phonea
0,9507,ELSA,r3phonea
1,255,ELSA,r3phonea
,11913,ELSA,r3shopa
-13,4,ELSA,r3shopa
0,8804,ELSA,r3shopa
1,958,ELSA,r3shopa
,11913,ELSA,r3toilta
-13,4,ELSA,r3toilta
0,9399,ELSA,r3toilta
1,363,ELSA,r3toilta
,10629,ELSA,r4batha
-18,7,ELSA,r4batha
-4,2,ELSA,r4batha
0,9941,ELSA,r4batha
1,1100,ELSA,r4batha
,10629,ELSA,r4beda
-18,7,ELSA,r4beda
-4,2,ELSA,r4beda
0,10425,ELSA,r4beda
1,616,ELSA,r4beda
,10629,ELSA,r4dressa
-18,7,ELSA,r4dressa
-4,2,ELSA,r4dressa
0,9594,ELSA,r4dressa
1,1447,ELSA,r4dressa
,10629,ELSA,r4eata
-18,7,ELSA,r4eata
-4,2,ELSA,r4eata
0,10771,ELSA,r4eata
1,270,ELSA,r4eata
,10629,ELSA,r4mealsa
-18,7,ELSA,r4mealsa
-4,2,ELSA,r4mealsa
0,10528,ELSA,r4mealsa
1,513,ELSA,r4mealsa
,10629,ELSA,r4medsa
-18,7,ELSA,r4medsa
-4,2,ELSA,r4medsa
0,10768,ELSA,r4medsa
1,273,ELSA,r4medsa
,10629,ELSA,r4moneya
-18,7,ELSA,r4moneya
-4,2,ELSA,r4moneya
0,10673,ELSA,r4moneya
1,368,ELSA,r4moneya
,10629,ELSA,r4phonea
-18,7,ELSA,r4phonea
-4,2,ELSA,r4phonea
0,10744,ELSA,r4phonea
1,297,ELSA,r4phonea
,10629,ELSA,r4shopa
-18,7,ELSA,r4shopa
-4,2,ELSA,r4shopa
0,10039,ELSA,r4shopa
1,1002,ELSA,r4shopa
,10629,ELSA,r4toilta
-18,7,ELSA,r4toilta
-4,2,ELSA,r4toilta
0,10663,ELSA,r4toilta
1,378,ELSA,r4toilta
,11405,ELSA,r5batha
-18,5,ELSA,r5batha
-4,3,ELSA,r5batha
0,9249,ELSA,r5batha
1,1017,ELSA,r5batha
,11405,ELSA,r5beda
-18,5,ELSA,r5beda
-4,3,ELSA,r5beda
0,9615,ELSA,r5beda
1,651,ELSA,r5beda
,11405,ELSA,r5dressa
-18,5,ELSA,r5dressa
-4,3,ELSA,r5dressa
0,8918,ELSA,r5dressa
1,1348,ELSA,r5dressa
,11405,ELSA,r5eata
-18,5,ELSA,r5eata
-4,3,ELSA,r5eata
0,10026,ELSA,r5eata
1,240,ELSA,r5eata
,11405,ELSA,r5mealsa
-18,5,ELSA,r5mealsa
-4,3,ELSA,r5mealsa
0,9748,ELSA,r5mealsa
1,518,ELSA,r5mealsa
,11405,ELSA,r5medsa
-18,5,ELSA,r5medsa
-4,3,ELSA,r5medsa
0,9982,ELSA,r5medsa
1,284,ELSA,r5medsa
,11405,ELSA,r5moneya
-18,5,ELSA,r5moneya
-4,3,ELSA,r5moneya
0,9885,ELSA,r5moneya
1,381,ELSA,r5moneya
,11405,ELSA,r5phonea
-18,5,ELSA,r5phonea
-4,3,ELSA,r5phonea
0,9953,ELSA,r5phonea
1,313,ELSA,r5phonea
,11405,ELSA,r5shopa
-18,5,ELSA,r5shopa
-4,3,ELSA,r5shopa
0,9259,ELSA,r5shopa
1,1007,ELSA,r5shopa
,11405,ELSA,r5toilta
-18,5,ELSA,r5toilta
-4,3,ELSA,r5toilta
0,9896,ELSA,r5toilta
1,370,ELSA,r5toilta
,11078,ELSA,r6batha
-18,3,ELSA,r6batha
-4,2,ELSA,r6batha
0,9586,ELSA,r6batha
1,1010,ELSA,r6batha
,11078,ELSA,r6beda
-18,3,ELSA,r6beda
-4,2,ELSA,r6beda
0,9936,ELSA,r6beda
1,660,ELSA,r6beda
,11078,ELSA,r6dressa
-18,3,ELSA,r6dressa
-4,2,ELSA,r6dressa
0,9266,ELSA,r6dressa
1,1330,ELSA,r6dressa
,11078,ELSA,r6eata
-18,3,ELSA,r6eata
-4,2,ELSA,r6eata
0,10313,ELSA,r6eata
1,283,ELSA,r6eata
,11078,ELSA,r6mealsa
-18,3,ELSA,r6mealsa
-4,2,ELSA,r6mealsa
0,10029,ELSA,r6mealsa
1,567,ELSA,r6mealsa
,11078,ELSA,r6medsa
-18,3,ELSA,r6medsa
-4,2,ELSA,r6medsa
0,10314,ELSA,r6medsa
1,282,ELSA,r6medsa
,11078,ELSA,r6moneya
-18,3,ELSA,r6moneya
-4,2,ELSA,r6moneya
0,10183,ELSA,r6moneya
1,413,ELSA,r6moneya
,11078,ELSA,r6phonea
-18,3,ELSA,r6phonea
-4,2,ELSA,r6phonea
0,10291,ELSA,r6phonea
1,305,ELSA,r6phonea
,11078,ELSA,r6shopa
-18,3,ELSA,r6shopa
-4,2,ELSA,r6shopa
0,9598,ELSA,r6shopa
1,998,ELSA,r6shopa
,11078,ELSA,r6toilta
-18,3,ELSA,r6toilta
-4,2,ELSA,r6toilta
0,10211,ELSA,r6toilta
1,385,ELSA,r6toilta
,12013,ELSA,r7batha
-4,2,ELSA,r7batha
0,8778,ELSA,r7batha
1,886,ELSA,r7batha
,12013,ELSA,r7beda
-4,2,ELSA,r7beda
0,9067,ELSA,r7beda
1,597,ELSA,r7beda
,12013,ELSA,r7dressa
-4,2,ELSA,r7dressa
0,8501,ELSA,r7dressa
1,1163,ELSA,r7dressa
,12013,ELSA,r7eata
-4,2,ELSA,r7eata
0,9428,ELSA,r7eata
1,236,ELSA,r7eata
,12013,ELSA,r7mealsa
-4,2,ELSA,r7mealsa
0,9165,ELSA,r7mealsa
1,499,ELSA,r7mealsa
,12013,ELSA,r7medsa
-4,2,ELSA,r7medsa
0,9401,ELSA,r7medsa
1,263,ELSA,r7medsa
,12013,ELSA,r7moneya
-4,2,ELSA,r7moneya
0,9316,ELSA,r7moneya
1,348,ELSA,r7moneya
,12013,ELSA,r7phonea
-4,2,ELSA,r7phonea
0,9364,ELSA,r7phonea
1,300,ELSA,r7phonea
,12013,ELSA,r7shopa
-4,2,ELSA,r7shopa
0,8786,ELSA,r7shopa
1,878,ELSA,r7shopa
,12013,ELSA,r7toilta
-4,2,ELSA,r7toilta
0,9281,ELSA,r7toilta
1,383,ELSA,r7toilta
,13234,ELSA,r8batha
-18,2,ELSA,r8batha
0,7661,ELSA,r8batha
1,782,ELSA,r8batha
,13234,ELSA,r8beda
-18,2,ELSA,r8beda
0,7949,ELSA,r8beda
1,494,ELSA,r8beda
,13234,ELSA,r8dressa
-18,2,ELSA,r8dressa
0,7362,ELSA,r8dressa
1,1081,ELSA,r8dressa
,13234,ELSA,r8eata
-18,2,ELSA,r8eata
0,8212,ELSA,r8eata
1,231,ELSA,r8eata
,13234,ELSA,r8mealsa
-18,2,ELSA,r8mealsa
0,7956,ELSA,r8mealsa
1,487,ELSA,r8mealsa
,13234,ELSA,r8medsa
-18,2,ELSA,r8medsa
0,8172,ELSA,r8medsa
1,271,ELSA,r8medsa
,13234,ELSA,r8moneya
-18,2,ELSA,r8moneya
0,8122,ELSA,r8moneya
1,321,ELSA,r8moneya
,13234,ELSA,r8phonea
-18,2,ELSA,r8phonea
0,8195,ELSA,r8phonea
1,248,ELSA,r8phonea
,13234,ELSA,r8shopa
-18,2,ELSA,r8shopa
0,7629,ELSA,r8shopa
1,814,ELSA,r8shopa
,13234,ELSA,r8toilta
-18,2,ELSA,r8toilta
0,8086,ELSA,r8toilta
1,357,ELSA,r8toilta
,12943,ELSA,r9batha
-18,1,ELSA,r9batha
-4,4,ELSA,r9batha
0,7965,ELSA,r9batha
1,766,ELSA,r9batha
,12943,ELSA,r9beda
-18,1,ELSA,r9beda
-4,4,ELSA,r9beda
0,8176,ELSA,r9beda
1,555,ELSA,r9beda
,12943,ELSA,r9dressa
-18,1,ELSA,r9dressa
-4,4,ELSA,r9dressa
0,7621,ELSA,r9dressa
1,1110,ELSA,r9dressa
,12943,ELSA,r9eata
-18,1,ELSA,r9eata
-4,4,ELSA,r9eata
0,8492,ELSA,r9eata
1,239,ELSA,r9eata
,12943,ELSA,r9mealsa
-18,1,ELSA,r9mealsa
-4,4,ELSA,r9mealsa
0,8243,ELSA,r9mealsa
1,488,ELSA,r9mealsa
,12943,ELSA,r9medsa
-18,1,ELSA,r9medsa
-4,4,ELSA,r9medsa
0,8433,ELSA,r9medsa
1,298,ELSA,r9medsa
,12943,ELSA,r9moneya
-18,1,ELSA,r9moneya
-4,4,ELSA,r9moneya
0,8364,ELSA,r9moneya
1,367,ELSA,r9moneya
,12943,ELSA,r9phonea
-18,1,ELSA,r9phonea
-4,4,ELSA,r9phonea
0,8453,ELSA,r9phonea
1,278,ELSA,r9phonea
,12943,ELSA,r9shopa
-18,1,ELSA,r9shopa
-4,4,ELSA,r9shopa
0,7952,ELSA,r9shopa
1,779,ELSA,r9shopa
,12943,ELSA,r9toilta
-18,1,ELSA,r9toilta
-4,4,ELSA,r9toilta
0,8361,ELSA,r9toilta
1,370,ELSA,r9toilta
,23340,HRS,r10batha
0,20027,HRS,r10batha
1,1867,HRS,r10batha
,23352,HRS,r10beda
0,20148,HRS,r10beda
1,1734,HRS,r10beda
,23338,HRS,r10dressa
0,19327,HRS,r10dressa
1,2569,HRS,r10dressa
,23354,HRS,r10eata
0,20940,HRS,r10eata
1,940,HRS,r10eata
,23886,HRS,r10mealsa
0,19648,HRS,r10mealsa
1,1700,HRS,r10mealsa
,23373,HRS,r10medsa
0,20820,HRS,r10medsa
1,1041,HRS,r10medsa
,23932,HRS,r10moneya
0,19379,HRS,r10moneya
1,1923,HRS,r10moneya
,23396,HRS,r10phonea
0,20574,HRS,r10phonea
1,1264,HRS,r10phonea
,23709,HRS,r10shopa
0,19170,HRS,r10shopa
1,2355,HRS,r10shopa
,23369,HRS,r10toilta
0,20350,HRS,r10toilta
1,1515,HRS,r10toilta
,24710,HRS,r11batha
0,18736,HRS,r11batha
1,1788,HRS,r11batha
,24724,HRS,r11beda
0,18871,HRS,r11beda
1,1639,HRS,r11beda
,24711,HRS,r11dressa
0,18212,HRS,r11dressa
1,2311,HRS,r11dressa
,24715,HRS,r11eata
0,19617,HRS,r11eata
1,902,HRS,r11eata
,25190,HRS,r11mealsa
0,18341,HRS,r11mealsa
1,1703,HRS,r11mealsa
,24720,HRS,r11medsa
0,19517,HRS,r11medsa
1,997,HRS,r11medsa
,25197,HRS,r11moneya
0,18323,HRS,r11moneya
1,1714,HRS,r11moneya
,24759,HRS,r11phonea
0,19292,HRS,r11phonea
1,1183,HRS,r11phonea
,25013,HRS,r11shopa
0,17916,HRS,r11shopa
1,2305,HRS,r11shopa
,24725,HRS,r11toilta
0,19070,HRS,r11toilta
1,1439,HRS,r11toilta
,26512,HRS,r12batha
0,16997,HRS,r12batha
1,1725,HRS,r12batha
,26528,HRS,r12beda
0,17168,HRS,r12beda
1,1538,HRS,r12beda
,26513,HRS,r12dressa
0,16410,HRS,r12dressa
1,2311,HRS,r12dressa
,26522,HRS,r12eata
0,17841,HRS,r12eata
1,871,HRS,r12eata
,26886,HRS,r12mealsa
0,16776,HRS,r12mealsa
1,1572,HRS,r12mealsa
,26532,HRS,r12medsa
0,17743,HRS,r12medsa
1,959,HRS,r12medsa
,26959,HRS,r12moneya
0,16560,HRS,r12moneya
1,1715,HRS,r12moneya
,26546,HRS,r12phonea
0,17545,HRS,r12phonea
1,1143,HRS,r12phonea
,26785,HRS,r12shopa
0,16295,HRS,r12shopa
1,2154,HRS,r12shopa
,26540,HRS,r12toilta
0,17323,HRS,r12toilta
1,1371,HRS,r12toilta
,24363,HRS,r13batha
0,19134,HRS,r13batha
1,1737,HRS,r13batha
,24384,HRS,r13beda
0,19171,HRS,r13beda
1,1679,HRS,r13beda
,24367,HRS,r13dressa
0,18448,HRS,r13dressa
1,2419,HRS,r13dressa
,24373,HRS,r13eata
0,20021,HRS,r13eata
1,840,HRS,r13eata
,24744,HRS,r13mealsa
0,18880,HRS,r13mealsa
1,1610,HRS,r13mealsa
,24392,HRS,r13medsa
0,19873,HRS,r13medsa
1,969,HRS,r13medsa
,24779,HRS,r13moneya
0,18751,HRS,r13moneya
1,1704,HRS,r13moneya
,24403,HRS,r13phonea
0,19782,HRS,r13phonea
1,1049,HRS,r13phonea
,24648,HRS,r13shopa
0,18324,HRS,r13shopa
1,2262,HRS,r13shopa
,24383,HRS,r13toilta
0,19474,HRS,r13toilta
1,1377,HRS,r13toilta
,28121,HRS,r14batha
0,15737,HRS,r14batha
1,1376,HRS,r14batha
,28127,HRS,r14beda
0,15712,HRS,r14beda
1,1395,HRS,r14beda
,28122,HRS,r14dressa
0,15228,HRS,r14dressa
1,1884,HRS,r14dressa
,28122,HRS,r14eata
0,16434,HRS,r14eata
1,678,HRS,r14eata
,28407,HRS,r14mealsa
0,15536,HRS,r14mealsa
1,1291,HRS,r14mealsa
,28151,HRS,r14medsa
0,16359,HRS,r14medsa
1,724,HRS,r14medsa
,28464,HRS,r14moneya
0,15464,HRS,r14moneya
1,1306,HRS,r14moneya
,28152,HRS,r14phonea
0,16269,HRS,r14phonea
1,813,HRS,r14phonea
,28330,HRS,r14shopa
0,15095,HRS,r14shopa
1,1809,HRS,r14shopa
,28136,HRS,r14toilta
0,15982,HRS,r14toilta
1,1116,HRS,r14toilta
,29596,HRS,r15batha
0,14435,HRS,r15batha
1,1203,HRS,r15batha
,29604,HRS,r15beda
0,14409,HRS,r15beda
1,1221,HRS,r15beda
,29598,HRS,r15dressa
0,13929,HRS,r15dressa
1,1707,HRS,r15dressa
,29606,HRS,r15eata
0,15040,HRS,r15eata
1,588,HRS,r15eata
,29811,HRS,r15mealsa
0,14298,HRS,r15mealsa
1,1125,HRS,r15mealsa
,29613,HRS,r15medsa
0,14973,HRS,r15medsa
1,648,HRS,r15medsa
,29841,HRS,r15moneya
0,14324,HRS,r15moneya
1,1069,HRS,r15moneya
,29610,HRS,r15phonea
0,14952,HRS,r15phonea
1,672,HRS,r15phonea
,29830,HRS,r15shopa
0,13758,HRS,r15shopa
1,1646,HRS,r15shopa
,29610,HRS,r15toilta
0,14646,HRS,r15toilta
1,978,HRS,r15toilta
,29464,HRS,r16batha
0,14522,HRS,r16batha
1,1248,HRS,r16batha
,29473,HRS,r16beda
0,14446,HRS,r16beda
1,1315,HRS,r16beda
,29469,HRS,r16dressa
0,13965,HRS,r16dressa
1,1800,HRS,r16dressa
,29465,HRS,r16eata
0,15159,HRS,r16eata
1,610,HRS,r16eata
,29665,HRS,r16mealsa
0,14311,HRS,r16mealsa
1,1258,HRS,r16mealsa
,29469,HRS,r16medsa
0,15064,HRS,r16medsa
1,701,HRS,r16medsa
,29706,HRS,r16moneya
0,14400,HRS,r16moneya
1,1128,HRS,r16moneya
,29476,HRS,r16phonea
0,15116,HRS,r16phonea
1,642,HRS,r16phonea
,29640,HRS,r16shopa
0,13835,HRS,r16shopa
1,1759,HRS,r16shopa
,29473,HRS,r16toilta
0,14755,HRS,r16toilta
1,1006,HRS,r16toilta
,25607,HRS,r2batha
0,18642,HRS,r2batha
1,985,HRS,r2batha
,25613,HRS,r2beda
0,18622,HRS,r2beda
1,999,HRS,r2beda
,25606,HRS,r2dressa
0,18574,HRS,r2dressa
1,1054,HRS,r2dressa
,25599,HRS,r2eata
0,19410,HRS,r2eata
1,225,HRS,r2eata
,37449,HRS,r2mealsa
0,7018,HRS,r2mealsa
1,767,HRS,r2mealsa
,25817,HRS,r2medsa
0,18674,HRS,r2medsa
1,743,HRS,r2medsa
,26370,HRS,r2moneya
0,17539,HRS,r2moneya
1,1325,HRS,r2moneya
,25648,HRS,r2phonea
0,18862,HRS,r2phonea
1,724,HRS,r2phonea
,37242,HRS,r2shopa
0,6535,HRS,r2shopa
1,1457,HRS,r2shopa
,37016,HRS,r2toilta
0,7925,HRS,r2toilta
1,293,HRS,r2toilta
,27290,HRS,r3batha
0,16562,HRS,r3batha
1,1382,HRS,r3batha
,27289,HRS,r3beda
0,16599,HRS,r3beda
1,1346,HRS,r3beda
,27284,HRS,r3dressa
0,16068,HRS,r3dressa
1,1882,HRS,r3dressa
,27285,HRS,r3eata
0,17260,HRS,r3eata
1,689,HRS,r3eata
,28220,HRS,r3mealsa
0,15739,HRS,r3mealsa
1,1275,HRS,r3mealsa
,28524,HRS,r3medsa
0,16009,HRS,r3medsa
1,701,HRS,r3medsa
,27812,HRS,r3moneya
0,16166,HRS,r3moneya
1,1256,HRS,r3moneya
,27378,HRS,r3phonea
0,16925,HRS,r3phonea
1,931,HRS,r3phonea
,27908,HRS,r3shopa
0,15421,HRS,r3shopa
1,1905,HRS,r3shopa
,27290,HRS,r3toilta
0,16886,HRS,r3toilta
1,1058,HRS,r3toilta
,23884,HRS,r4batha
0,19595,HRS,r4batha
1,1755,HRS,r4batha
,23890,HRS,r4beda
0,19783,HRS,r4beda
1,1561,HRS,r4beda
,23882,HRS,r4dressa
0,19160,HRS,r4dressa
1,2192,HRS,r4dressa
,23889,HRS,r4eata
0,20529,HRS,r4eata
1,816,HRS,r4eata
,24943,HRS,r4mealsa
0,18781,HRS,r4mealsa
1,1510,HRS,r4mealsa
,23914,HRS,r4medsa
0,20489,HRS,r4medsa
1,831,HRS,r4medsa
,24490,HRS,r4moneya
0,19305,HRS,r4moneya
1,1439,HRS,r4moneya
,23987,HRS,r4phonea
0,20118,HRS,r4phonea
1,1129,HRS,r4phonea
,24591,HRS,r4shopa
0,18465,HRS,r4shopa
1,2178,HRS,r4shopa
,23900,HRS,r4toilta
0,20015,HRS,r4toilta
1,1319,HRS,r4toilta
,25689,HRS,r5batha
0,17935,HRS,r5batha
1,1610,HRS,r5batha
,25688,HRS,r5beda
0,18150,HRS,r5beda
1,1396,HRS,r5beda
,25684,HRS,r5dressa
0,17458,HRS,r5dressa
1,2092,HRS,r5dressa
,25687,HRS,r5eata
0,18804,HRS,r5eata
1,743,HRS,r5eata
,26730,HRS,r5mealsa
0,17034,HRS,r5mealsa
1,1470,HRS,r5mealsa
,25700,HRS,r5medsa
0,18737,HRS,r5medsa
1,797,HRS,r5medsa
,26294,HRS,r5moneya
0,17562,HRS,r5moneya
1,1378,HRS,r5moneya
,25802,HRS,r5phonea
0,18418,HRS,r5phonea
1,1014,HRS,r5phonea
,26395,HRS,r5shopa
0,16827,HRS,r5shopa
1,2012,HRS,r5shopa
,25702,HRS,r5toilta
0,18300,HRS,r5toilta
1,1232,HRS,r5toilta
,27083,HRS,r6batha
0,16608,HRS,r6batha
1,1543,HRS,r6batha
,27097,HRS,r6beda
0,16840,HRS,r6beda
1,1297,HRS,r6beda
,27082,HRS,r6dressa
0,16216,HRS,r6dressa
1,1936,HRS,r6dressa
,27090,HRS,r6eata
0,17405,HRS,r6eata
1,739,HRS,r6eata
,28080,HRS,r6mealsa
0,15689,HRS,r6mealsa
1,1465,HRS,r6mealsa
,27088,HRS,r6medsa
0,17338,HRS,r6medsa
1,808,HRS,r6medsa
,27650,HRS,r6moneya
0,16196,HRS,r6moneya
1,1388,HRS,r6moneya
,27168,HRS,r6phonea
0,17019,HRS,r6phonea
1,1047,HRS,r6phonea
,27716,HRS,r6shopa
0,15568,HRS,r6shopa
1,1950,HRS,r6shopa
,27106,HRS,r6toilta
0,16962,HRS,r6toilta
1,1166,HRS,r6toilta
,25127,HRS,r7batha
0,18514,HRS,r7batha
1,1593,HRS,r7batha
,25130,HRS,r7beda
0,18773,HRS,r7beda
1,1331,HRS,r7beda
,25120,HRS,r7dressa
0,18104,HRS,r7dressa
1,2010,HRS,r7dressa
,25136,HRS,r7eata
0,19340,HRS,r7eata
1,758,HRS,r7eata
,26133,HRS,r7mealsa
0,17625,HRS,r7mealsa
1,1476,HRS,r7mealsa
,25161,HRS,r7medsa
0,19216,HRS,r7medsa
1,857,HRS,r7medsa
,25847,HRS,r7moneya
0,17980,HRS,r7moneya
1,1407,HRS,r7moneya
,25220,HRS,r7phonea
0,18978,HRS,r7phonea
1,1036,HRS,r7phonea
,25826,HRS,r7shopa
0,17375,HRS,r7shopa
1,2033,HRS,r7shopa
,25151,HRS,r7toilta
0,18890,HRS,r7toilta
1,1193,HRS,r7toilta
,26783,HRS,r8batha
0,16929,HRS,r8batha
1,1522,HRS,r8batha
,26789,HRS,r8beda
0,17080,HRS,r8beda
1,1365,HRS,r8beda
,26781,HRS,r8dressa
0,16398,HRS,r8dressa
1,2055,HRS,r8dressa
,26789,HRS,r8eata
0,17662,HRS,r8eata
1,783,HRS,r8eata
,27598,HRS,r8mealsa
0,16216,HRS,r8mealsa
1,1420,HRS,r8mealsa
,26784,HRS,r8medsa
0,17573,HRS,r8medsa
1,877,HRS,r8medsa
,27462,HRS,r8moneya
0,16377,HRS,r8moneya
1,1395,HRS,r8moneya
,26854,HRS,r8phonea
0,17372,HRS,r8phonea
1,1008,HRS,r8phonea
,27365,HRS,r8shopa
0,15820,HRS,r8shopa
1,2049,HRS,r8shopa
,26806,HRS,r8toilta
0,17115,HRS,r8toilta
1,1313,HRS,r8toilta
,28032,HRS,r9batha
0,15711,HRS,r9batha
1,1491,HRS,r9batha
,28041,HRS,r9beda
0,15949,HRS,r9beda
1,1244,HRS,r9beda
,28030,HRS,r9dressa
0,15269,HRS,r9dressa
1,1935,HRS,r9dressa
,28037,HRS,r9eata
0,16483,HRS,r9eata
1,714,HRS,r9eata
,28761,HRS,r9mealsa
0,15095,HRS,r9mealsa
1,1378,HRS,r9mealsa
,28034,HRS,r9medsa
0,16344,HRS,r9medsa
1,856,HRS,r9medsa
,28652,HRS,r9moneya
0,15225,HRS,r9moneya
1,1357,HRS,r9moneya
,28108,HRS,r9phonea
0,16137,HRS,r9phonea
1,989,HRS,r9phonea
,28542,HRS,r9shopa
0,14828,HRS,r9shopa
1,1864,HRS,r9shopa
,28058,HRS,r9toilta
0,16005,HRS,r9toilta
1,1171,HRS,r9toilta
,12192,MHAS,r1batha
0,14400,MHAS,r1batha
1,567,MHAS,r1batha
,12190,MHAS,r1beda
0,14174,MHAS,r1beda
1,795,MHAS,r1beda
,13113,MHAS,r1dressa
0,13147,MHAS,r1dressa
1,899,MHAS,r1dressa
,12194,MHAS,r1eata
0,14655,MHAS,r1eata
1,310,MHAS,r1eata
,13816,MHAS,r1mealsa
0,12841,MHAS,r1mealsa
1,502,MHAS,r1mealsa
,13132,MHAS,r1medsa
0,13692,MHAS,r1medsa
1,335,MHAS,r1medsa
,13147,MHAS,r1moneya
0,13693,MHAS,r1moneya
1,319,MHAS,r1moneya
,13457,MHAS,r1shopa
0,12858,MHAS,r1shopa
1,844,MHAS,r1shopa
,12204,MHAS,r1toilta
0,14385,MHAS,r1toilta
1,570,MHAS,r1toilta
,13512,MHAS,r2batha
0,13121,MHAS,r2batha
1,526,MHAS,r2batha
,13508,MHAS,r2beda
0,12976,MHAS,r2beda
1,675,MHAS,r2beda
,14660,MHAS,r2dressa
0,11745,MHAS,r2dressa
1,754,MHAS,r2dressa
,13509,MHAS,r2eata
0,13378,MHAS,r2eata
1,272,MHAS,r2eata
,15245,MHAS,r2mealsa
0,11420,MHAS,r2mealsa
1,494,MHAS,r2mealsa
,14694,MHAS,r2medsa
0,12193,MHAS,r2medsa
1,272,MHAS,r2medsa
,14674,MHAS,r2moneya
0,12205,MHAS,r2moneya
1,280,MHAS,r2moneya
,14898,MHAS,r2shopa
0,11435,MHAS,r2shopa
1,826,MHAS,r2shopa
,13508,MHAS,r2toilta
0,13156,MHAS,r2toilta
1,495,MHAS,r2toilta
,11492,MHAS,r3batha
0,14928,MHAS,r3batha
1,739,MHAS,r3batha
,11474,MHAS,r3beda
0,14429,MHAS,r3beda
1,1256,MHAS,r3beda
,12725,MHAS,r3dressa
0,13103,MHAS,r3dressa
1,1331,MHAS,r3dressa
,11488,MHAS,r3eata
0,15151,MHAS,r3eata
1,520,MHAS,r3eata
,13354,MHAS,r3mealsa
0,13190,MHAS,r3mealsa
1,615,MHAS,r3mealsa
,12883,MHAS,r3medsa
0,13944,MHAS,r3medsa
1,332,MHAS,r3medsa
,12760,MHAS,r3moneya
0,14056,MHAS,r3moneya
1,343,MHAS,r3moneya
,12964,MHAS,r3shopa
0,12924,MHAS,r3shopa
1,1271,MHAS,r3shopa
,11482,MHAS,r3toilta
0,14743,MHAS,r3toilta
1,934,MHAS,r3toilta
,12438,MHAS,r4batha
0,13766,MHAS,r4batha
1,955,MHAS,r4batha
,12431,MHAS,r4beda
0,13295,MHAS,r4beda
1,1433,MHAS,r4beda
,13361,MHAS,r4dressa
0,12296,MHAS,r4dressa
1,1502,MHAS,r4dressa
,12436,MHAS,r4eata
0,14180,MHAS,r4eata
1,543,MHAS,r4eata
,13878,MHAS,r4mealsa
0,12560,MHAS,r4mealsa
1,721,MHAS,r4mealsa
,13540,MHAS,r4medsa
0,13143,MHAS,r4medsa
1,476,MHAS,r4medsa
,13420,MHAS,r4moneya
0,13321,MHAS,r4moneya
1,418,MHAS,r4moneya
,13634,MHAS,r4shopa
0,12119,MHAS,r4shopa
1,1406,MHAS,r4shopa
,12447,MHAS,r4toilta
0,13783,MHAS,r4toilta
1,929,MHAS,r4toilta
,10154,MHAS,r5batha
0,16072,MHAS,r5batha
1,933,MHAS,r5batha
,10155,MHAS,r5beda
0,15766,MHAS,r5beda
1,1238,MHAS,r5beda
,11407,MHAS,r5dressa
0,14151,MHAS,r5dressa
1,1601,MHAS,r5dressa
,10158,MHAS,r5eata
0,16509,MHAS,r5eata
1,492,MHAS,r5eata
,11796,MHAS,r5mealsa
0,14701,MHAS,r5mealsa
1,662,MHAS,r5mealsa
,11467,MHAS,r5medsa
0,15328,MHAS,r5medsa
1,364,MHAS,r5medsa
,11439,MHAS,r5moneya
0,15350,MHAS,r5moneya
1,370,MHAS,r5moneya
,11590,MHAS,r5shopa
0,14362,MHAS,r5shopa
1,1207,MHAS,r5shopa
,10166,MHAS,r5toilta
0,15922,MHAS,r5toilta
1,1071,MHAS,r5toilta
,11440,MHAS,r6batha
0,14683,MHAS,r6batha
1,1036,MHAS,r6batha
,11431,MHAS,r6beda
0,14302,MHAS,r6beda
1,1426,MHAS,r6beda
,11434,MHAS,r6dressa
0,13852,MHAS,r6dressa
1,1873,MHAS,r6dressa
,11440,MHAS,r6eata
0,15135,MHAS,r6eata
1,584,MHAS,r6eata
,12793,MHAS,r6mealsa
0,13224,MHAS,r6mealsa
1,1142,MHAS,r6mealsa
,12493,MHAS,r6medsa
0,14033,MHAS,r6medsa
1,633,MHAS,r6medsa
,12259,MHAS,r6moneya
0,14229,MHAS,r6moneya
1,671,MHAS,r6moneya
,12578,MHAS,r6shopa
0,12747,MHAS,r6shopa
1,1834,MHAS,r6shopa
,11456,MHAS,r6toilta
0,14525,MHAS,r6toilta
1,1178,MHAS,r6toilta
