cohort,model,prior_wave,landmark_wave,prior_year,landmark_year,outcome_year,history_horizon_years,prediction_horizon_years,primary_horizon,interval_class,evaluation_weighting,persons,records,events,event_rate,mean_prediction,auc,brier,calibration_intercept,calibration_slope
CHARLS,M0,2,3,2013,2015,2018,2,3,TRUE,primary_2to3_year,unweighted,3915,3915,787,0.201021711366539,0.0927781684888824,0.613889750972485,0.168590991875142,0.925050952010505,0.926584481975022
CHARLS,M1,2,3,2013,2015,2018,2,3,TRUE,primary_2to3_year,unweighted,3915,3915,787,0.201021711366539,0.1116797093589,0.661865650906515,0.158925810626642,0.746403411925183,0.854529074315312
HRS,M0,4,5,1998,2000,2002,2,2,TRUE,primary_2to3_year,unweighted,7250,7250,671,0.092551724137931,0.162316651252833,0.657857872755498,0.0856856655898661,-0.65729418438393,1.34003639951352
HRS,M0,5,6,2000,2002,2004,2,2,TRUE,primary_2to3_year,unweighted,7351,7351,677,0.0920963134267447,0.163371820716572,0.660983737681755,0.0855531690435846,-0.670796021412082,1.35785794941382
HRS,M0,6,7,2002,2004,2006,2,2,TRUE,primary_2to3_year,unweighted,7266,7266,696,0.0957886044591247,0.16560764689871,0.652356474920835,0.0889286254266196,-0.642511299845317,1.26598050279181
HRS,M0,7,8,2004,2006,2008,2,2,TRUE,primary_2to3_year,unweighted,7110,7110,686,0.0964838255977497,0.170014682223934,0.631030478816682,0.0906409151608341,-0.666907804222216,1.12053326136416
HRS,M0,8,9,2006,2008,2010,2,2,TRUE,primary_2to3_year,unweighted,6877,6877,756,0.109931656245456,0.172833603454028,0.624226684265894,0.0990553693371778,-0.538973010154939,1.11756591425072
HRS,M0,9,10,2008,2010,2012,2,2,TRUE,primary_2to3_year,unweighted,6905,6905,599,0.0867487328023172,0.175807604092523,0.611874002923786,0.0865918753921771,-0.827905067381786,0.945469276149425
HRS,M0,10,11,2010,2012,2014,2,2,TRUE,primary_2to3_year,unweighted,7307,7307,703,0.096209114547694,0.172740101839182,0.619995274212017,0.0918726461467698,-0.691109125887225,0.944263442432379
HRS,M0,11,12,2012,2014,2016,2,2,TRUE,primary_2to3_year,unweighted,7048,7048,692,0.0981838819523269,0.171702082045786,0.631933506004067,0.0919391867821788,-0.661099195120084,1.06695096631472
HRS,M0,12,13,2014,2016,2018,2,2,TRUE,primary_2to3_year,unweighted,6564,6564,570,0.086837294332724,0.171560231416777,0.611880008663634,0.0859276717919371,-0.798843130263884,0.906195400621666
HRS,M0,13,14,2016,2018,2020,2,2,TRUE,primary_2to3_year,unweighted,6360,6360,555,0.0872641509433962,0.170641383008719,0.620524865951223,0.0858060111894261,-0.786913255550062,0.955989317584443
HRS,M0,14,15,2018,2020,2022,2,2,TRUE,primary_2to3_year,unweighted,5757,5757,548,0.0951884662150426,0.170668846720474,0.609799960203634,0.0910299892661245,-0.689611150233581,0.892763408295048
HRS,M0,3,4,1996,1998,2000,2,2,TRUE,primary_2to3_year,unweighted,5472,5472,502,0.0917397660818713,0.162121400258904,0.659512052394046,0.0853530489518404,-0.668065871289987,1.24867303295294
HRS,M0,2,3,1994,1996,1998,2,2,TRUE,primary_2to3_year,unweighted,2674,2674,411,0.153702318623785,0.216133818359789,0.620599230399541,0.130432097689355,-0.424550174844334,1.33593823623007
HRS,M1,4,5,1998,2000,2002,2,2,TRUE,primary_2to3_year,unweighted,7250,7250,671,0.092551724137931,0.104434036017121,0.755248318669188,0.0764036855215651,-0.144080113852228,1.13035030906353
HRS,M1,5,6,2000,2002,2004,2,2,TRUE,primary_2to3_year,unweighted,7351,7351,677,0.0920963134267447,0.109924823966576,0.755386541569414,0.0762088175346209,-0.212231196652672,1.17101147265915
HRS,M1,6,7,2002,2004,2006,2,2,TRUE,primary_2to3_year,unweighted,7266,7266,696,0.0957886044591247,0.112562130199234,0.749528617540545,0.0799978296042884,-0.193764520953055,1.1112934618688
HRS,M1,7,8,2004,2006,2008,2,2,TRUE,primary_2to3_year,unweighted,7110,7110,686,0.0964838255977497,0.118165315459918,0.75904679608901,0.0796912022702476,-0.24535957247877,1.17430880343744
HRS,M1,8,9,2006,2008,2010,2,2,TRUE,primary_2to3_year,unweighted,6877,6877,756,0.109931656245456,0.117985378235946,0.718933928560624,0.0905753990246829,-0.0859757034277978,1.02335375865825
HRS,M1,9,10,2008,2010,2012,2,2,TRUE,primary_2to3_year,unweighted,6905,6905,599,0.0867487328023172,0.119845673995678,0.741918685704634,0.074748740064643,-0.386965621224832,1.10365919596447
HRS,M1,10,11,2010,2012,2014,2,2,TRUE,primary_2to3_year,unweighted,7307,7307,703,0.096209114547694,0.116765650521835,0.752563212260684,0.0803791581663268,-0.233819050264427,1.12467471371247
HRS,M1,11,12,2012,2014,2016,2,2,TRUE,primary_2to3_year,unweighted,7048,7048,692,0.0981838819523269,0.117102439600352,0.736171070437291,0.0823019934018796,-0.213525701847991,1.02753310259924
HRS,M1,12,13,2014,2016,2018,2,2,TRUE,primary_2to3_year,unweighted,6564,6564,570,0.086837294332724,0.115766966497235,0.737139332314771,0.0754289932692492,-0.344785607596829,1.0015809085105
HRS,M1,13,14,2016,2018,2020,2,2,TRUE,primary_2to3_year,unweighted,6360,6360,555,0.0872641509433962,0.113928605788812,0.774460817406554,0.0726755344947463,-0.320190523576959,1.22808289627515
HRS,M1,14,15,2018,2020,2022,2,2,TRUE,primary_2to3_year,unweighted,5757,5757,548,0.0951884662150426,0.111202005052796,0.737820595460132,0.0808655567746527,-0.187186402438591,1.02604216583009
HRS,M1,3,4,1996,1998,2000,2,2,TRUE,primary_2to3_year,unweighted,5472,5472,502,0.0917397660818713,0.10882593883914,0.755168260559372,0.0767306472345297,-0.204822195465634,1.07525748641584
HRS,M1,2,3,1994,1996,1998,2,2,TRUE,primary_2to3_year,unweighted,2674,2674,411,0.153702318623785,0.142986315094123,0.744178807925659,0.11679160010635,0.0910368245332502,1.30762432854262
ELSA,M0,3,4,2006,2008,2010,2,2,TRUE,primary_2to3_year,unweighted,3288,3288,327,0.0994525547445255,0.153194074180398,0.681811562545508,0.0886089685779851,-0.501957815916066,1.73120880618311
ELSA,M0,4,5,2008,2010,2012,2,2,TRUE,primary_2to3_year,unweighted,4377,4377,381,0.0870459218642906,0.150079881975619,0.607852931671829,0.0820199598200011,-0.625704611330833,1.16046078397921
ELSA,M0,5,6,2010,2012,2014,2,2,TRUE,primary_2to3_year,unweighted,4475,4475,366,0.0817877094972067,0.151554545456518,0.661993797435192,0.0771596474235614,-0.70608479257017,1.72008863114547
ELSA,M0,6,7,2012,2014,2016,2,2,TRUE,primary_2to3_year,unweighted,4487,4487,415,0.0924894138622688,0.152816243438504,0.631260207825408,0.0854501624378954,-0.579431609920526,1.37659929301524
ELSA,M0,7,8,2014,2016,2018,2,2,TRUE,primary_2to3_year,unweighted,4363,4363,404,0.0925968370387348,0.156567580459488,0.642320480469365,0.0860012919189142,-0.607575477465995,1.40892205091322
ELSA,M0,8,9,2016,2018,2021,2,3,TRUE,primary_2to3_year,unweighted,3251,3251,401,0.123346662565364,0.157904129523267,0.64259789123682,0.105423677638713,-0.291627874046257,1.59638053953935
ELSA,M0,2,3,2004,2006,2008,2,2,TRUE,primary_2to3_year,unweighted,3089,3089,352,0.113952735513111,0.155113744124402,0.64687354684957,0.0984946137522703,-0.362368228690181,1.527739868414
ELSA,M0,1,2,2002,2004,2006,2,2,TRUE,primary_2to3_year,unweighted,3281,3281,329,0.100274306613837,0.15423113850961,0.627142177576791,0.0909162515640611,-0.500413423328298,1.28583888884181
ELSA,M1,3,4,2006,2008,2010,2,2,TRUE,primary_2to3_year,unweighted,3288,3288,327,0.0994525547445255,0.0799009383535215,0.767405940839476,0.0814133051523725,0.259029639016839,1.1856585749025
ELSA,M1,4,5,2008,2010,2012,2,2,TRUE,primary_2to3_year,unweighted,4377,4377,381,0.0870459218642906,0.0773077702383785,0.73944121286641,0.0740088000541748,0.138844622717925,1.02841084555297
ELSA,M1,5,6,2010,2012,2014,2,2,TRUE,primary_2to3_year,unweighted,4475,4475,366,0.0817877094972067,0.0783678925100373,0.759152905723409,0.0682670972089266,0.049802469421834,1.16322381374932
ELSA,M1,6,7,2012,2014,2016,2,2,TRUE,primary_2to3_year,unweighted,4487,4487,415,0.0924894138622688,0.0790714764102831,0.749992011267072,0.0772737549250281,0.183819531046563,1.11403945757498
ELSA,M1,7,8,2014,2016,2018,2,2,TRUE,primary_2to3_year,unweighted,4363,4363,404,0.0925968370387348,0.0809592856203797,0.758829674960424,0.0770637354302628,0.157936732695951,1.13649092721898
ELSA,M1,8,9,2016,2018,2021,2,3,TRUE,primary_2to3_year,unweighted,3251,3251,401,0.123346662565364,0.111293238440072,0.756283414271339,0.0967451071439623,0.126488004611846,1.20526260650701
ELSA,M1,2,3,2004,2006,2008,2,2,TRUE,primary_2to3_year,unweighted,3089,3089,352,0.113952735513111,0.0681288175902227,0.741329362772777,0.0947613086434052,0.604644276230408,1.13541039420497
ELSA,M1,1,2,2002,2004,2006,2,2,TRUE,primary_2to3_year,unweighted,3281,3281,329,0.100274306613837,0.080997776581005,0.725819803790743,0.0844043662198864,0.251376555964456,1.00810005199323
MHAS,M0,4,5,2015,2018,2021,3,3,TRUE,primary_2to3_year,unweighted,3968,3968,665,0.167590725806452,0.132007425109882,0.645955715810871,0.136509698401202,0.283917258876653,1.80676870145036
MHAS,M0,2,3,2003,2012,2015,9,3,FALSE,extended_long_history_interval,unweighted,3680,3680,689,0.187228260869565,0.131271709472371,0.639180240285443,0.150592371814562,0.427074166109173,1.73935107030463
MHAS,M0,3,4,2012,2015,2018,3,3,TRUE,primary_2to3_year,unweighted,3829,3829,507,0.132410551057717,0.129192049804072,0.624035923322729,0.112125285155628,0.0286231087195204,1.53817687608261
MHAS,M0,1,2,2001,2003,2012,2,9,FALSE,extended_long_prediction_interval,unweighted,2318,2318,576,0.248490077653149,0.118877447241366,0.634921845101416,0.198859402730432,0.906423884822603,1.85584172873404
MHAS,M1,4,5,2015,2018,2021,3,3,TRUE,primary_2to3_year,unweighted,3968,3968,665,0.167590725806452,0.262804234203714,0.706784900489188,0.140755034918319,-0.649653141476263,0.850479447466237
MHAS,M1,2,3,2003,2012,2015,9,3,FALSE,extended_long_history_interval,unweighted,3680,3680,689,0.187228260869565,0.270268482758424,0.723728029759331,0.14447992211794,-0.544962503392268,0.952587016353633
MHAS,M1,3,4,2012,2015,2018,3,3,TRUE,primary_2to3_year,unweighted,3829,3829,507,0.132410551057717,0.260602099028986,0.697479418187518,0.130410909278205,-0.94140830862241,0.814460215139657
MHAS,M1,1,2,2001,2003,2012,2,9,FALSE,extended_long_prediction_interval,unweighted,2318,2318,576,0.248490077653149,0.941891797861152,0.67965361493813,0.660589513790196,-6402114438710.11,1169836892558.52
CHARLS,M0,2,3,2013,2015,2018,2,3,TRUE,primary_2to3_year,respondent_weighted,3915,3891,784,0.199210762938739,0.0937762378510553,0.623734146219219,0.166255189413512,0.903073100947389,0.984359103591808
CHARLS,M1,2,3,2013,2015,2018,2,3,TRUE,primary_2to3_year,respondent_weighted,3915,3891,784,0.199210762938739,0.112492574525185,0.67097564093657,0.156087613352542,0.726711911783716,0.905929356184309
HRS,M0,4,5,1998,2000,2002,2,2,TRUE,primary_2to3_year,respondent_weighted,7250,7245,670,0.0924909850878429,0.164990819890413,0.660705747038017,0.0860264079338336,-0.677561665795911,1.36954316136811
HRS,M0,5,6,2000,2002,2004,2,2,TRUE,primary_2to3_year,respondent_weighted,7351,7343,677,0.0911285141674796,0.165333263971949,0.669362797163293,0.0851719935872758,-0.69750126635097,1.39174519740278
HRS,M0,6,7,2002,2004,2006,2,2,TRUE,primary_2to3_year,respondent_weighted,7266,7263,695,0.0920079363282125,0.163331749082825,0.664613699653782,0.0859292175412316,-0.672175553663463,1.29971066032748
HRS,M0,7,8,2004,2006,2008,2,2,TRUE,primary_2to3_year,respondent_weighted,7110,7106,683,0.0895871290167544,0.162867436731383,0.630948454462532,0.0854945069587868,-0.699731836791954,1.03292200206148
HRS,M0,8,9,2006,2008,2010,2,2,TRUE,primary_2to3_year,respondent_weighted,6877,6876,756,0.101077278388496,0.161053049876829,0.644065837975806,0.0912394085652324,-0.55021115337988,1.17595063515393
HRS,M0,9,10,2008,2010,2012,2,2,TRUE,primary_2to3_year,respondent_weighted,6905,6901,598,0.0773911502963002,0.162922966491986,0.615813704485803,0.0783907521704296,-0.863262137562515,0.944253480763045
HRS,M0,10,11,2010,2012,2014,2,2,TRUE,primary_2to3_year,respondent_weighted,7307,7300,700,0.084668834784631,0.159385580717665,0.626253521516964,0.0820171451908414,-0.737033186430211,0.989248050919059
HRS,M0,11,12,2012,2014,2016,2,2,TRUE,primary_2to3_year,respondent_weighted,7048,7043,690,0.0829812049847908,0.157823658962301,0.637447700900152,0.0798463773040829,-0.746329055848616,1.14547517843748
HRS,M0,12,13,2014,2016,2018,2,2,TRUE,primary_2to3_year,respondent_weighted,6564,6560,569,0.0736738851661433,0.157612816027289,0.625226105756689,0.0744498542875111,-0.875888215365053,1.05811503036985
HRS,M0,13,14,2016,2018,2020,2,2,TRUE,primary_2to3_year,respondent_weighted,6360,6355,553,0.0714905115788251,0.156614193569444,0.641544219101126,0.0723035696559061,-0.900467170749197,1.2015598629023
HRS,M0,14,15,2018,2020,2022,2,2,TRUE,primary_2to3_year,respondent_weighted,5757,5746,547,0.0765500840599474,0.158643112486334,0.626634006832942,0.0763627931364504,-0.840566035426184,1.10072235192356
HRS,M0,3,4,1996,1998,2000,2,2,TRUE,primary_2to3_year,respondent_weighted,5472,5462,502,0.0944120709078168,0.16521831537798,0.654184487826982,0.0876638578545645,-0.658361600202671,1.22498275181489
HRS,M0,2,3,1994,1996,1998,2,2,TRUE,primary_2to3_year,respondent_weighted,2674,2272,377,0.161415614706639,0.221926194783957,0.610603580354073,0.135725447305521,-0.399600984098173,1.28268082791044
HRS,M1,4,5,1998,2000,2002,2,2,TRUE,primary_2to3_year,respondent_weighted,7250,7245,670,0.0924909850878429,0.104302073331189,0.758386422418308,0.0762235685794304,-0.143248329435283,1.15911779490807
HRS,M1,5,6,2000,2002,2004,2,2,TRUE,primary_2to3_year,respondent_weighted,7351,7343,677,0.0911285141674796,0.109233461017351,0.75794448370016,0.0753969872107161,-0.217056460332375,1.18201788694716
HRS,M1,6,7,2002,2004,2006,2,2,TRUE,primary_2to3_year,respondent_weighted,7266,7263,695,0.0920079363282125,0.107967291438304,0.750880158801397,0.0772455902957429,-0.191397479571417,1.08627389185472
HRS,M1,7,8,2004,2006,2008,2,2,TRUE,primary_2to3_year,respondent_weighted,7110,7106,683,0.0895871290167544,0.109872039152021,0.757071147185502,0.0749358696716246,-0.245678835416337,1.11766459225465
HRS,M1,8,9,2006,2008,2010,2,2,TRUE,primary_2to3_year,respondent_weighted,6877,6876,756,0.101077278388496,0.10621594746206,0.732108501588807,0.0833901263301516,-0.0598291907548492,1.04263481239432
HRS,M1,9,10,2008,2010,2012,2,2,TRUE,primary_2to3_year,respondent_weighted,6905,6901,598,0.0773911502963002,0.105707925085876,0.752395027360935,0.0671936328731107,-0.368983917995181,1.10015637539248
HRS,M1,10,11,2010,2012,2014,2,2,TRUE,primary_2to3_year,respondent_weighted,7307,7300,700,0.084668834784631,0.102287953869169,0.751025265918459,0.0718699841403564,-0.225087163122606,1.07765323507072
HRS,M1,11,12,2012,2014,2016,2,2,TRUE,primary_2to3_year,respondent_weighted,7048,7043,690,0.0829812049847908,0.100884232189593,0.753305708040715,0.0707706242652975,-0.232030253795475,1.07373124701814
HRS,M1,12,13,2014,2016,2018,2,2,TRUE,primary_2to3_year,respondent_weighted,6564,6560,569,0.0736738851661433,0.0982962623369209,0.758831986277063,0.0641636999158733,-0.338680752873503,1.08183646689144
HRS,M1,13,14,2016,2018,2020,2,2,TRUE,primary_2to3_year,respondent_weighted,6360,6355,553,0.0714905115788251,0.0959062706107412,0.797714930819809,0.060230444256084,-0.343993026193114,1.32527968397547
HRS,M1,14,15,2018,2020,2022,2,2,TRUE,primary_2to3_year,respondent_weighted,5757,5746,547,0.0765500840599474,0.0938412843574307,0.771174918901075,0.0654104491940642,-0.238466807399712,1.18617616345139
HRS,M1,3,4,1996,1998,2000,2,2,TRUE,primary_2to3_year,respondent_weighted,5472,5462,502,0.0944120709078168,0.108613098743605,0.753172495372551,0.0785350207364636,-0.168069739753855,1.09304164852387
HRS,M1,2,3,1994,1996,1998,2,2,TRUE,primary_2to3_year,respondent_weighted,2674,2272,377,0.161415614706639,0.145869487609758,0.73494238009114,0.12145484755009,0.127976298650953,1.32736432921962
ELSA,M0,3,4,2006,2008,2010,2,2,TRUE,primary_2to3_year,respondent_weighted,3288,3201,322,0.1103029651401,0.156964319715471,0.68512179879545,0.0956869774440261,-0.414714035854511,1.67964191879486
ELSA,M0,4,5,2008,2010,2012,2,2,TRUE,primary_2to3_year,respondent_weighted,4377,4159,361,0.091464002938977,0.151335928727441,0.612982914449389,0.0849078463801524,-0.581619343421239,1.17083207380962
ELSA,M0,5,6,2010,2012,2014,2,2,TRUE,primary_2to3_year,respondent_weighted,4475,4179,349,0.0881204542160786,0.151728978828488,0.664162728453055,0.0810292816814391,-0.625839708741964,1.6926142344159
ELSA,M0,6,7,2012,2014,2016,2,2,TRUE,primary_2to3_year,respondent_weighted,4487,4080,379,0.0967480018841806,0.152930509317906,0.627749979246926,0.0881006076431509,-0.530570845238495,1.34846671692164
ELSA,M0,7,8,2014,2016,2018,2,2,TRUE,primary_2to3_year,respondent_weighted,4363,3911,370,0.0958215928498083,0.155696693369077,0.641546646258065,0.0879754468324928,-0.563451878047357,1.34447036321508
ELSA,M0,8,9,2016,2018,2021,2,3,TRUE,primary_2to3_year,respondent_weighted,3251,2870,362,0.121803096688429,0.153944390383878,0.663213315364709,0.103295957318967,-0.276168783605076,1.69908048121033
ELSA,M0,2,3,2004,2006,2008,2,2,TRUE,primary_2to3_year,respondent_weighted,3089,3064,351,0.115127722553468,0.154295478287149,0.653125169999679,0.0987606676749405,-0.344597757599864,1.56023004507469
ELSA,M0,1,2,2002,2004,2006,2,2,TRUE,primary_2to3_year,respondent_weighted,3281,3274,329,0.103766038802746,0.155961078834055,0.633715865056689,0.0930707206803566,-0.475886028569707,1.31062010710657
ELSA,M1,3,4,2006,2008,2010,2,2,TRUE,primary_2to3_year,respondent_weighted,3288,3201,322,0.1103029651401,0.0858725191080304,0.767603641590081,0.0889029976577502,0.301089494978005,1.16422592961055
ELSA,M1,4,5,2008,2010,2012,2,2,TRUE,primary_2to3_year,respondent_weighted,4377,4159,361,0.091464002938977,0.0802368888205534,0.744740655084113,0.0775420192290301,0.15466493012424,1.01549656470643
ELSA,M1,5,6,2010,2012,2014,2,2,TRUE,primary_2to3_year,respondent_weighted,4475,4179,349,0.0881204542160786,0.0803155089778793,0.76680363769972,0.0720495814527545,0.109165666765873,1.20038303733485
ELSA,M1,6,7,2012,2014,2016,2,2,TRUE,primary_2to3_year,respondent_weighted,4487,4080,379,0.0967480018841806,0.0810008031089158,0.749707445383789,0.0801586851855117,0.209738258368583,1.10775419767404
ELSA,M1,7,8,2014,2016,2018,2,2,TRUE,primary_2to3_year,respondent_weighted,4363,3911,370,0.0958215928498083,0.0818450816035417,0.765795066523063,0.079318336500657,0.186427770761631,1.14314636278678
ELSA,M1,8,9,2016,2018,2021,2,3,TRUE,primary_2to3_year,respondent_weighted,3251,2870,362,0.121803096688429,0.11094895787683,0.774603334640092,0.0946355985427287,0.115167914211305,1.25949190233208
ELSA,M1,2,3,2004,2006,2008,2,2,TRUE,primary_2to3_year,respondent_weighted,3089,3064,351,0.115127722553468,0.0688664155077665,0.746430772510981,0.0951184254857795,0.605600229703954,1.16057681122788
ELSA,M1,1,2,2002,2004,2006,2,2,TRUE,primary_2to3_year,respondent_weighted,3281,3274,329,0.103766038802746,0.0837187898637255,0.728372184685038,0.0865960822706752,0.254555191093234,1.01157009453222
MHAS,M0,4,5,2015,2018,2021,3,3,TRUE,primary_2to3_year,respondent_weighted,3968,3968,665,0.153364035632502,0.123279374720579,0.608240468245189,0.127928937886786,0.256210884871175,1.41064180729908
MHAS,M0,2,3,2003,2012,2015,9,3,FALSE,extended_long_history_interval,respondent_weighted,3680,3427,655,0.203948752321232,0.135095964413842,0.626078928785587,0.162911378202874,0.501253917096438,1.56187684436467
MHAS,M0,3,4,2012,2015,2018,3,3,TRUE,primary_2to3_year,respondent_weighted,3829,3776,504,0.151199880087566,0.126215140362402,0.594902865450155,0.126300464230806,0.212175803942088,1.24871026780177
MHAS,M0,1,2,2001,2003,2012,2,9,FALSE,extended_long_prediction_interval,respondent_weighted,2318,2317,576,0.255825549060521,0.120381112031433,0.637647261377473,0.202951198882286,0.932316346929498,1.97223618263547
MHAS,M1,4,5,2015,2018,2021,3,3,TRUE,primary_2to3_year,respondent_weighted,3968,3968,665,0.153364035632502,0.242464663362802,0.688720676332456,0.134007233895019,-0.644252218050707,0.754821231775844
MHAS,M1,2,3,2003,2012,2015,9,3,FALSE,extended_long_history_interval,respondent_weighted,3680,3427,655,0.203948752321232,0.285053989062098,0.704852154827462,0.156942902350862,-0.50653040869064,0.866792516768753
MHAS,M1,3,4,2012,2015,2018,3,3,TRUE,primary_2to3_year,respondent_weighted,3829,3776,504,0.151199880087566,0.253583111219068,0.654429241624002,0.138395110952118,-0.730897453353939,0.679423419152486
MHAS,M1,1,2,2001,2003,2012,2,9,FALSE,extended_long_prediction_interval,respondent_weighted,2318,2317,576,0.255825549060521,0.943816923618525,0.704054834318336,0.655631059104668,-1854274733168.09,1963125806014.5
