cohort,method,calibration_fraction_total_persons,outer_splits,outer_tolerance_rate,fit_success_rate_median_across_outer,fit_success_rate_lower_95_outer,fit_success_rate_upper_95_outer,median_calibration_persons_median_across_outer,median_calibration_persons_lower_95_outer,median_calibration_persons_upper_95_outer,median_calibration_records_median_across_outer,median_calibration_records_lower_95_outer,median_calibration_records_upper_95_outer,median_calibration_events_median_across_outer,median_calibration_events_lower_95_outer,median_calibration_events_upper_95_outer,median_calibration_event_persons_median_across_outer,median_calibration_event_persons_lower_95_outer,median_calibration_event_persons_upper_95_outer,median_auc_median_across_outer,median_auc_lower_95_outer,median_auc_upper_95_outer,median_brier_median_across_outer,median_brier_lower_95_outer,median_brier_upper_95_outer,median_delta_brier_vs_raw_median_across_outer,median_delta_brier_vs_raw_lower_95_outer,median_delta_brier_vs_raw_upper_95_outer,median_citl_median_across_outer,median_citl_lower_95_outer,median_citl_upper_95_outer,median_abs_citl_median_across_outer,median_abs_citl_lower_95_outer,median_abs_citl_upper_95_outer,median_slope_median_across_outer,median_slope_lower_95_outer,median_slope_upper_95_outer,median_abs_slope_error_median_across_outer,median_abs_slope_error_lower_95_outer,median_abs_slope_error_upper_95_outer,proportion_abs_citl_le_0_20_median_across_outer,proportion_abs_citl_le_0_20_lower_95_outer,proportion_abs_citl_le_0_20_upper_95_outer,proportion_brier_within_plus_0_001_median_across_outer,proportion_brier_within_plus_0_001_lower_95_outer,proportion_brier_within_plus_0_001_upper_95_outer,proportion_brier_improved_median_across_outer,proportion_brier_improved_lower_95_outer,proportion_brier_improved_upper_95_outer
CHARLS,intercept_and_slope,0.05,30,0.0,1.0,1.0,1.0,195.0,195.0,195.0,195.0,195.0,195.0,39.0,35.725,41.275,39.0,35.725,41.275,0.6599281570827522,0.6394805717363623,0.6851478017459033,0.15066461108237483,0.14502307111574145,0.1628504712712964,-0.007502523581270994,-0.01072422516700344,-0.004272752588571743,-0.009529491205041618,-0.12833860820011703,0.20564856890325003,0.12708651696623405,0.10362491223184055,0.2064111158478196,0.9676447560559527,0.7359445746181432,1.2405273061455215,0.22540330016076646,0.1740786496181224,0.29264840762570304,0.69,0.4745,0.79,1.0,0.9535,1.0,0.99,0.9289999999999999,1.0
CHARLS,intercept_and_slope,0.1,30,0.0,1.0,1.0,1.0,391.0,391.0,391.0,391.0,391.0,391.0,78.0,74.45,81.5,78.0,74.45,81.5,0.6599281570827522,0.6394805717363623,0.6851478017459033,0.15007233898811467,0.14428009943328424,0.16214878346233058,-0.008039370648757684,-0.011425912975969255,-0.004970263208784423,0.007981447060929469,-0.11462417753852254,0.16892358660468496,0.08794748691041124,0.07510987118517035,0.16892358660468496,0.9797586982375595,0.7966669973545212,1.2701751383674875,0.16077382187965242,0.1277438973720472,0.2813264861430739,0.865,0.556,0.93275,1.0,0.9945,1.0,1.0,0.97725,1.0
CHARLS,intercept_and_slope,0.2,30,0.16666666666666666,1.0,1.0,1.0,783.0,783.0,783.0,783.0,783.0,783.0,157.5,146.45,165.0125,157.5,146.45,165.0125,0.6599281570827522,0.6394805717363623,0.6851478017459033,0.1498280236968172,0.14406668287349467,0.16228477125763424,-0.008303851426386892,-0.011289925180665576,-0.005192081207309473,-0.001585548109939832,-0.12363193029810299,0.2021895234772099,0.061346660973718506,0.044527443087087414,0.2021895234772099,0.9828312255115691,0.7708248371957056,1.2517584304696925,0.10779582719102801,0.0825672285028967,0.2930706837393575,0.975,0.49325,1.0,1.0,1.0,1.0,1.0,1.0,1.0
CHARLS,intercept_and_slope,0.3,30,0.4666666666666667,1.0,1.0,1.0,1174.0,1174.0,1174.0,1174.0,1174.0,1174.0,237.0,220.9,244.0625,237.0,220.9,244.0625,0.6599281570827522,0.6394805717363623,0.6851478017459033,0.1497036256118881,0.1439727242133599,0.16207469094710997,-0.008382189908568274,-0.011500005491189888,-0.005259087846618527,-0.00406909141802786,-0.11362987322277458,0.1895857003161224,0.04678953465541447,0.03291721680024621,0.1911482897270608,0.9602213927375001,0.786506348687933,1.2485877474540958,0.0869761257528128,0.05134845976949591,0.2896266761783525,1.0,0.54825,1.0,1.0,1.0,1.0,1.0,1.0,1.0
CHARLS,intercept_and_slope,0.4,30,0.4666666666666667,1.0,1.0,1.0,1566.0,1566.0,1566.0,1566.0,1566.0,1566.0,316.0,292.8125,327.75,316.0,292.8125,327.75,0.6599281570827522,0.6394805717363623,0.6851478017459033,0.14968569130276962,0.1439919986628913,0.16214353445371144,-0.008416016516161126,-0.011431161984588397,-0.005231595885611256,-0.004850091030471914,-0.12246553681719663,0.19371644797317847,0.03992841978768649,0.022125439202323266,0.19550352467988807,0.96615090234118,0.7857109741703288,1.2527232128683092,0.08871028630135061,0.04055689405207758,0.3005741969195085,1.0,0.5427500000000001,1.0,1.0,1.0,1.0,1.0,1.0,1.0
CHARLS,intercept_and_slope,0.5,30,0.4666666666666667,1.0,1.0,1.0,1957.0,1957.0,1957.0,1957.0,1957.0,1957.0,393.5,368.8,408.66249999999997,393.5,368.8,408.66249999999997,0.6599281570827522,0.6394805717363623,0.6851478017459033,0.14966126248488396,0.14394098914151005,0.1620726745801845,-0.008441379632459493,-0.011502021858115328,-0.00535389202862856,-0.004883289281207706,-0.11928473823618652,0.18546452339609176,0.04440198907579885,0.014745784870381012,0.19211651962483844,0.9648374684737885,0.7884237810083898,1.2503687162998494,0.08748471226562693,0.025113106370128896,0.2855374910174399,1.0,0.6105,1.0,1.0,1.0,1.0,1.0,1.0,1.0
CHARLS,intercept_and_slope,0.6,30,0.43333333333333335,1.0,1.0,1.0,2349.0,2349.0,2349.0,2349.0,2349.0,2349.0,473.5,440.35,490.84999999999997,473.5,440.35,490.84999999999997,0.6599281570827522,0.6394805717363623,0.6851478017459033,0.14964225354500738,0.14391546638573266,0.1620791886952288,-0.00846556757911919,-0.011495507743071044,-0.005334832308569682,-0.0072954448991353355,-0.1196939802926653,0.19158908059995247,0.044574046496636655,0.006648947577581145,0.19213217772510335,0.961344269931284,0.7880214710365964,1.2543127839914583,0.08212147277184756,0.013779463241517792,0.28899833816170706,1.0,0.7250000000000001,1.0,1.0,1.0,1.0,1.0,1.0,1.0
CHARLS,intercept_only,0.05,30,0.0,1.0,1.0,1.0,195.0,195.0,195.0,195.0,195.0,195.0,39.0,35.725,41.275,39.0,35.725,41.275,0.6599281570827522,0.6394805717363623,0.6851478017459033,0.15003429984080294,0.14433645129336406,0.16202184127215527,-0.008258427456732512,-0.011552855166144575,-0.005185672490631173,-0.006422832440561939,-0.1276132587218368,0.1991908317858345,0.126052411269181,0.1059259896118981,0.20222731997678436,0.8336349177744542,0.7381476121392276,0.9731962964175237,0.16636508222554575,0.03141642207058749,0.26185238786077225,0.69,0.49175,0.7927500000000001,1.0,0.99,1.0,1.0,0.98,1.0
CHARLS,intercept_only,0.1,30,0.6666666666666666,1.0,1.0,1.0,391.0,391.0,391.0,391.0,391.0,391.0,78.0,74.45,81.5,78.0,74.45,81.5,0.6599281570827522,0.6394805717363623,0.6851478017459033,0.14987398744187092,0.14388950893344477,0.16165689209900183,-0.008436269886714656,-0.01191780433929801,-0.005136723024758038,0.006634520136869833,-0.11297484016770203,0.16567543042402255,0.08988202885251732,0.0731487384338051,0.1708263243767985,0.8336349177744542,0.7381476121392276,0.9731962964175237,0.16636508222554575,0.03141642207058749,0.26185238786077225,0.855,0.55875,0.92,1.0,0.98725,1.0,1.0,0.9745,1.0
CHARLS,intercept_only,0.2,30,0.8666666666666667,1.0,1.0,1.0,783.0,783.0,783.0,783.0,783.0,783.0,157.5,146.45,165.0125,157.5,146.45,165.0125,0.6599281570827522,0.6394805717363623,0.6851478017459033,0.14983866574348115,0.14399092658424176,0.16188705602756986,-0.008558665536553496,-0.01168764041072996,-0.0050465574063250605,-0.00038127456539082023,-0.12272995792079001,0.2002946537932749,0.0634343341552132,0.04614949879146177,0.2002946537932749,0.8336349177744542,0.7381476121392276,0.9731962964175237,0.16636508222554575,0.03141642207058749,0.26185238786077225,0.975,0.48875,1.0,1.0,1.0,1.0,1.0,1.0,1.0
CHARLS,intercept_only,0.3,30,0.8666666666666667,1.0,1.0,1.0,1174.0,1174.0,1174.0,1174.0,1174.0,1174.0,237.0,220.9,244.0625,237.0,220.9,244.0625,0.6599281570827522,0.6394805717363623,0.6851478017459033,0.14974646329921315,0.14396544607561715,0.16180481700567828,-0.00856401585495474,-0.011769879432621567,-0.005121499926702053,-0.0014257616391177789,-0.11384635557431842,0.18973976694447106,0.047819037377112544,0.03337704445617787,0.19107101226916642,0.8336349177744542,0.7381476121392276,0.9731962964175237,0.16636508222554575,0.03141642207058749,0.26185238786077225,1.0,0.5565,1.0,1.0,1.0,1.0,1.0,1.0,1.0
CHARLS,intercept_only,0.4,30,0.8333333333333334,1.0,1.0,1.0,1566.0,1566.0,1566.0,1566.0,1566.0,1566.0,316.0,292.8125,327.75,316.0,292.8125,327.75,0.6599281570827522,0.6394805717363623,0.6851478017459033,0.14976384707849297,0.14401079849726559,0.16182731176954557,-0.008582430827253719,-0.011747384668754274,-0.005041953688154398,-0.003149122052117,-0.12343524540651744,0.1928869379338053,0.046715292373718895,0.022952290943065817,0.1951633223656983,0.8336349177744542,0.7381476121392276,0.9731962964175237,0.16636508222554575,0.03141642207058749,0.26185238786077225,1.0,0.5455000000000001,1.0,1.0,1.0,1.0,1.0,1.0,1.0
CHARLS,intercept_only,0.5,30,0.8666666666666667,1.0,1.0,1.0,1957.0,1957.0,1957.0,1957.0,1957.0,1957.0,393.5,368.8,408.66249999999997,393.5,368.8,408.66249999999997,0.6599281570827522,0.6394805717363623,0.6851478017459033,0.14976489321369787,0.14397635438102854,0.16177466098960028,-0.00858561108529661,-0.011800035448699535,-0.005080764872826581,-0.0021314409469256833,-0.11904500752797764,0.18516014095951627,0.04953683944700333,0.015390929372719351,0.19122275523545154,0.8336349177744542,0.7381476121392276,0.9731962964175237,0.16636508222554575,0.03141642207058749,0.26185238786077225,1.0,0.6205,1.0,1.0,1.0,1.0,1.0,1.0,1.0
CHARLS,intercept_only,0.6,30,0.8666666666666667,1.0,1.0,1.0,2349.0,2349.0,2349.0,2349.0,2349.0,2349.0,473.5,440.35,490.84999999999997,473.5,440.35,490.84999999999997,0.6599281570827522,0.6394805717363623,0.6851478017459033,0.1497588964301141,0.1439814525641222,0.161815879813977,-0.008587905008747093,-0.011758816624322847,-0.005074994890626563,-0.0034440407041025,-0.11969708734601633,0.19125219598623708,0.04797267167063948,0.00401050407191729,0.19172388643094834,0.8336349177744542,0.7381476121392276,0.9731962964175237,0.16636508222554575,0.03141642207058749,0.26185238786077225,1.0,0.7250000000000001,1.0,1.0,1.0,1.0,1.0,1.0,1.0
CHARLS,none,0.0,30,0.0,1.0,1.0,1.0,0.0,0.0,0.0,0.0,0.0,0.0,0.0,0.0,0.0,0.0,0.0,0.0,0.6599281570827522,0.6394805717363623,0.6851478017459033,0.15784611849051822,0.1504615713816522,0.17357469643829984,0.0,0.0,0.0,0.7443291526103449,0.6734064075543502,0.8578566022956859,0.7443291526103449,0.6734064075543502,0.8578566022956859,0.8336349177744542,0.7381476121392276,0.9731962964175237,0.16636508222554575,0.03141642207058749,0.26185238786077225,0.0,0.0,0.0,1.0,1.0,1.0,1.0,1.0,1.0
ELSA,intercept_and_slope,0.05,30,0.8333333333333334,1.0,1.0,1.0,430.0,430.0,430.0,1530.25,1511.45,1544.05,148.5,145.225,153.0,138.0,135.0,141.55,0.7486208383017121,0.7408315393047727,0.7606732869759633,0.07982262846294141,0.07771283147148657,0.08264255651661757,-0.0004174582166331618,-0.000697795376635403,-0.0001738474136293659,-0.005140573065012765,-0.06723750443281817,0.0753349566657758,0.06432160048209164,0.05169118854900632,0.09303947250556653,0.9995316599583374,0.9056771235732727,1.1219899758492988,0.0738010823426288,0.05721368785272661,0.12335790977141857,0.97,0.88,0.99,1.0,0.9672499999999999,1.0,0.925,0.72625,0.99
ELSA,intercept_and_slope,0.1,30,0.8666666666666667,1.0,1.0,1.0,860.0,860.0,860.0,3057.75,3024.25,3081.325,296.75,292.3625,301.9125,276.25,272.0,280.1375,0.7486208383017121,0.7408315393047727,0.7606732869759633,0.07974784900633725,0.07763822711794797,0.0825903399982789,-0.00046869822417913015,-0.000734657117035154,-0.00025664686980920347,-0.00363605790631911,-0.05414154175822642,0.06961714255025218,0.046890987428549274,0.035790478706475934,0.07564118769115695,1.0081736381668012,0.912705497591929,1.1160779821628075,0.05295845147378686,0.03776863669115174,0.11607798216280746,1.0,0.98,1.0,1.0,1.0,1.0,0.995,0.84725,1.0
ELSA,intercept_and_slope,0.2,30,0.9333333333333333,1.0,1.0,1.0,1721.0,1721.0,1721.0,6116.5,6052.0,6161.05,595.5,582.0875,605.1375,553.5,542.3625,561.1375,0.7486208383017121,0.7408315393047727,0.7606732869759633,0.07972252142788697,0.07762407875044774,0.08255397507233936,-0.0004981043034991348,-0.0007405557066258878,-0.0002635508858532391,-0.004738845425653803,-0.06555391362480154,0.07022925166979484,0.032159682964917745,0.020065473762987854,0.07115388533805601,1.0120442834070476,0.92003746213817,1.1215777850862623,0.03656295827416697,0.02829274334811224,0.12157778508626234,1.0,1.0,1.0,1.0,1.0,1.0,1.0,0.969,1.0
ELSA,intercept_and_slope,0.3,30,0.9,1.0,1.0,1.0,2582.0,2582.0,2582.0,9177.5,9075.5375,9242.95,892.25,875.9,908.775,830.0,814.8625,841.9125,0.7486208383017121,0.7408315393047727,0.7606732869759633,0.07971885785241858,0.07761299229171503,0.0825360479113938,-0.0005029603783712686,-0.0007578271936047029,-0.0002697444045386046,-0.008991140478326658,-0.066533430757094,0.06706998834985854,0.028060584705187342,0.016350346443383137,0.07002903553023677,1.0103066076031428,0.919068499702787,1.1172193359141407,0.03359659553885663,0.017241847594107254,0.11721933591414069,1.0,1.0,1.0,1.0,1.0,1.0,1.0,0.99725,1.0
ELSA,intercept_and_slope,0.4,30,0.9333333333333333,1.0,1.0,1.0,3443.0,3443.0,3443.0,12241.0,12118.675,12337.425,1190.0,1167.975,1211.275,1107.5,1088.5375,1121.7375,0.7486208383017121,0.7408315393047727,0.7606732869759633,0.07971385065388484,0.07761509347492906,0.08253986445968915,-0.000508753976103983,-0.0007579033329209454,-0.00028618646626856435,-0.0061183388567958,-0.06694751189137893,0.07109911446512003,0.023195787310591545,0.01268399625286835,0.07164714030246103,1.0100392527578619,0.9196043929428831,1.1197947407014688,0.03161907170242123,0.014348060054984275,0.11979474070146878,1.0,1.0,1.0,1.0,1.0,1.0,1.0,1.0,1.0
ELSA,intercept_and_slope,0.5,30,0.9,1.0,1.0,1.0,4304.0,4304.0,4304.0,15301.25,15144.025,15417.4625,1489.0,1462.525,1516.775,1384.0,1362.175,1401.75,0.7486208383017121,0.7408315393047727,0.7606732869759633,0.07971074465602024,0.07761208276808568,0.08253801923989694,-0.0005113825705568321,-0.0007576374248854659,-0.00028812412573355715,-0.005998866267407453,-0.06719760216631243,0.06867783504196509,0.02456462604509345,0.007788389687130122,0.07075917758805983,1.0080489902770369,0.9202407350136718,1.1213176650900534,0.03288107021674236,0.009475447549598559,0.12131766509005344,1.0,1.0,1.0,1.0,1.0,1.0,1.0,1.0,1.0
ELSA,intercept_and_slope,0.6,30,0.9,1.0,1.0,1.0,5165.0,5165.0,5165.0,18369.0,18178.825,18494.4,1785.5,1753.7,1818.275,1662.0,1634.35,1681.75,0.7486208383017121,0.7408315393047727,0.7606732869759633,0.07970944188835219,0.07760991334084748,0.08253716272982797,-0.0005127351863157756,-0.0007593750708743713,-0.0002896969468170419,-0.006592135597852778,-0.06687447037500023,0.06894958274255059,0.022821621184037834,0.001241506367795981,0.07025106464701343,1.0094141624730693,0.920105572662604,1.1179120489640901,0.03251640018633262,0.005639732906142877,0.11791204896409012,1.0,1.0,1.0,1.0,1.0,1.0,1.0,1.0,1.0
ELSA,intercept_only,0.05,30,1.0,1.0,1.0,1.0,430.0,430.0,430.0,1530.25,1511.45,1544.05,148.5,145.225,153.0,138.0,135.0,141.55,0.7486208383017121,0.7408315393047727,0.7606732869759633,0.07975592497859277,0.07769414395932683,0.08252613836719112,-0.0004844171561164193,-0.0006541112948918888,-0.0003213427616252833,-0.003511561984939105,-0.06912980456218108,0.07340050747049925,0.06145292289751228,0.050554334554875,0.08761020497369744,1.108143891518095,1.0476806869836404,1.1785897676670527,0.10814389151809489,0.04768068698364046,0.17858976766705267,0.97,0.8945000000000001,0.99,1.0,1.0,1.0,0.985,0.93725,1.0
ELSA,intercept_only,0.1,30,1.0,1.0,1.0,1.0,860.0,860.0,860.0,3057.75,3024.25,3081.325,296.75,292.3625,301.9125,276.25,272.0,280.1375,0.7486208383017121,0.7408315393047727,0.7606732869759633,0.07974281017534518,0.07766085912924565,0.08251052777697161,-0.000502536945944914,-0.0006372838774881325,-0.0003376613226133878,-0.004442973861312043,-0.055662546415868326,0.06374758462318993,0.045310187901497045,0.034817519759334274,0.07349822713386725,1.108143891518095,1.0476806869836404,1.1785897676670527,0.10814389151809489,0.04768068698364046,0.17858976766705267,1.0,0.98,1.0,1.0,1.0,1.0,1.0,0.99,1.0
ELSA,intercept_only,0.2,30,1.0,1.0,1.0,1.0,1721.0,1721.0,1721.0,6116.5,6052.0,6161.05,595.5,582.0875,605.1375,553.5,542.3625,561.1375,0.7486208383017121,0.7408315393047727,0.7606732869759633,0.07972708167772362,0.07766110438678257,0.08251420179403256,-0.0005100437008540987,-0.0006387004581770289,-0.00034487467381157257,-0.0037919619003866276,-0.06554959413011407,0.0661006164003418,0.030775617633668973,0.019205883056358133,0.06787618372572746,1.108143891518095,1.0476806869836404,1.1785897676670527,0.10814389151809489,0.04768068698364046,0.17858976766705267,1.0,1.0,1.0,1.0,1.0,1.0,1.0,1.0,1.0
ELSA,intercept_only,0.3,30,1.0,1.0,1.0,1.0,2582.0,2582.0,2582.0,9177.5,9075.5375,9242.95,892.25,875.9,908.775,830.0,814.8625,841.9125,0.7486208383017121,0.7408315393047727,0.7606732869759633,0.07972109939060827,0.07765886856380745,0.08251371058384022,-0.0005093548222772984,-0.0006408950303548142,-0.00034942379022053513,-0.009265670746428976,-0.06710843927818848,0.06241393597237849,0.02631020572268353,0.01592298147707551,0.06984355621904002,1.108143891518095,1.0476806869836404,1.1785897676670527,0.10814389151809489,0.04768068698364046,0.17858976766705267,1.0,1.0,1.0,1.0,1.0,1.0,1.0,1.0,1.0
ELSA,intercept_only,0.4,30,1.0,1.0,1.0,1.0,3443.0,3443.0,3443.0,12241.0,12118.675,12337.425,1190.0,1167.975,1211.275,1107.5,1088.5375,1121.7375,0.7486208383017121,0.7408315393047727,0.7606732869759633,0.07972213070404016,0.07765742945065567,0.08251524059917209,-0.0005110943867307066,-0.0006423511541840529,-0.00034946903478226755,-0.005774371996264493,-0.06646742392512263,0.06637681760857077,0.023305632993564463,0.012224628683931798,0.07197808727365983,1.108143891518095,1.0476806869836404,1.1785897676670527,0.10814389151809489,0.04768068698364046,0.17858976766705267,1.0,1.0,1.0,1.0,1.0,1.0,1.0,1.0,1.0
ELSA,intercept_only,0.5,30,1.0,1.0,1.0,1.0,4304.0,4304.0,4304.0,15301.25,15144.025,15417.4625,1489.0,1462.525,1516.775,1384.0,1362.175,1401.75,0.7486208383017121,0.7408315393047727,0.7606732869759633,0.0797219600512285,0.07765865995587036,0.08251372283744117,-0.0005124742470799977,-0.0006406740256726668,-0.00034934679886730136,-0.006596084541804426,-0.0667803394457384,0.064259689845773,0.02362640082934271,0.007292563234427937,0.07133563552958792,1.108143891518095,1.0476806869836404,1.1785897676670527,0.10814389151809489,0.04768068698364046,0.17858976766705267,1.0,1.0,1.0,1.0,1.0,1.0,1.0,1.0,1.0
ELSA,intercept_only,0.6,30,1.0,1.0,1.0,1.0,5165.0,5165.0,5165.0,18369.0,18178.825,18494.4,1785.5,1753.7,1818.275,1662.0,1634.35,1681.75,0.7486208383017121,0.7408315393047727,0.7606732869759633,0.07972202352396185,0.0776592100134882,0.0825151749610475,-0.0005132545704566518,-0.0006418681981474668,-0.00034966015953238254,-0.007125648896549437,-0.06668127876598684,0.06444641137887952,0.023099450849356017,0.0008679184600658469,0.07075921845184281,1.108143891518095,1.0476806869836404,1.1785897676670527,0.10814389151809489,0.04768068698364046,0.17858976766705267,1.0,1.0,1.0,1.0,1.0,1.0,1.0,1.0,1.0
ELSA,none,0.0,30,0.0,1.0,1.0,1.0,0.0,0.0,0.0,0.0,0.0,0.0,0.0,0.0,0.0,0.0,0.0,0.0,0.7486208383017121,0.7408315393047727,0.7606732869759633,0.08021929269192653,0.07816657110063881,0.08306517407232947,0.0,0.0,0.0,0.2024778740178103,0.16678027078850863,0.24535833492239545,0.2024778740178103,0.16678027078850863,0.24535833492239545,1.108143891518095,1.0476806869836404,1.1785897676670527,0.10814389151809489,0.04768068698364046,0.17858976766705267,0.0,0.0,1.0,1.0,1.0,1.0,1.0,1.0,1.0
HRS,intercept_and_slope,0.05,30,1.0,1.0,1.0,1.0,1000.0,1000.0,1000.0,4185.5,4147.4125,4223.05,404.5,397.3625,411.4125,368.0,362.725,374.6875,0.7482414209201589,0.7437138501377982,0.755337049305132,0.07948286076116332,0.07766290724034881,0.080962115432705,-0.0003163623658396994,-0.000421351917424625,-0.0002095260079351819,-0.01488703808692495,-0.0709013604079508,0.037166346396540276,0.04217017684996779,0.029705944816295904,0.0709013604079508,0.994922234991741,0.9452021028465747,1.0681101697426114,0.045823762339995994,0.03577208900465673,0.06870945936447063,1.0,0.98725,1.0,1.0,1.0,1.0,0.98,0.94175,1.0
HRS,intercept_and_slope,0.1,30,1.0,1.0,1.0,1.0,2001.0,2001.0,2001.0,8377.75,8307.5375,8452.625,808.25,799.0,824.6375,735.25,727.8625,747.275,0.7482414209201589,0.7437138501377982,0.755337049305132,0.07946142827413283,0.07765256059812657,0.0809417861315926,-0.0003393864272527511,-0.0004333121908538873,-0.0002363118489927187,-0.01383336446581816,-0.06546183387935842,0.03327254759406411,0.030036233998809718,0.022062974256369834,0.0654618338793584,0.9989217468696899,0.9572011711417643,1.0700941528302215,0.034489409608817995,0.02638708399210228,0.07009415283022158,1.0,1.0,1.0,1.0,1.0,1.0,1.0,0.98,1.0
HRS,intercept_and_slope,0.2,30,1.0,1.0,1.0,1.0,4003.0,4003.0,4003.0,16769.75,16611.6375,16946.6875,1618.0,1594.95,1640.5125,1473.0,1455.5875,1495.55,0.7482414209201589,0.7437138501377982,0.755337049305132,0.07945066556488181,0.07764219295351212,0.08093574223104956,-0.0003511642565705263,-0.000442066204261319,-0.0002458122978158031,-0.0128291324242414,-0.06339182201941028,0.031501868302530205,0.025485377457940446,0.015149966151684489,0.06339182201941028,1.0003282244207017,0.9551165838518905,1.0682268858632642,0.02442900536408446,0.01570109444983271,0.06822688586326416,1.0,1.0,1.0,1.0,1.0,1.0,1.0,1.0,1.0
HRS,intercept_and_slope,0.3,30,1.0,1.0,1.0,1.0,6004.0,6004.0,6004.0,25149.75,24929.525,25390.4,2426.5,2395.35,2463.0,2204.25,2180.625,2241.325,0.7482414209201589,0.7437138501377982,0.755337049305132,0.07945168896253377,0.07763699438053788,0.08093240147648191,-0.0003531373454737294,-0.0004472647772355601,-0.0002488087323080653,-0.01242187160132642,-0.06279880719691215,0.03233283862791145,0.02236500126544027,0.010804390199808589,0.06279880719691215,0.9984375827340052,0.948028924433407,1.0706850676245485,0.021974080490390208,0.01208738968616176,0.0706850676245485,1.0,1.0,1.0,1.0,1.0,1.0,1.0,1.0,1.0
HRS,intercept_and_slope,0.4,30,1.0,1.0,1.0,1.0,8006.0,8006.0,8006.0,33557.25,33248.2375,33852.475,3231.75,3196.725,3282.1875,2941.75,2915.925,2990.4625,0.7482414209201589,0.7437138501377982,0.755337049305132,0.07944875894800853,0.07763625568582334,0.08093089695505114,-0.00035567801389247214,-0.0004480034719501093,-0.00025063261688122577,-0.0105005576931232,-0.06297416706334662,0.03479833346605534,0.021688133513348293,0.008245056531649054,0.06297416706334662,1.0008978979771457,0.9533841785398155,1.0693788847165087,0.01919313080323848,0.008822976876856965,0.06937888471650866,1.0,1.0,1.0,1.0,1.0,1.0,1.0,1.0,1.0
HRS,intercept_and_slope,0.5,30,1.0,1.0,1.0,1.0,10008.0,10008.0,10008.0,41943.25,41573.45,42292.1875,4046.25,4000.725,4101.075,3678.25,3643.0375,3732.375,0.7482414209201589,0.7437138501377982,0.755337049305132,0.07945021081083348,0.0776370215309792,0.08092878002753297,-0.0003561734988796715,-0.00044723762679424185,-0.0002513999297172894,-0.0109900218394248,-0.06268512819564451,0.032730980767488524,0.021822212373391485,0.006339000207973828,0.06268512819564451,0.9990835526336286,0.9541106887798887,1.0688142414631217,0.019136568025130918,0.0071206222615823505,0.06881424146312155,1.0,1.0,1.0,1.0,1.0,1.0,1.0,1.0,1.0
HRS,intercept_and_slope,0.6,30,1.0,1.0,1.0,1.0,12009.0,12009.0,12009.0,50322.0,49882.375,50769.55,4854.0,4795.0,4924.475,4414.5,4369.075,4481.65,0.7482414209201589,0.7437138501377982,0.755337049305132,0.07944916829965193,0.07763732598564174,0.08092777873648324,-0.000356118717303195,-0.00044693317213169626,-0.00025292590278454545,-0.011473961359760323,-0.06334799265573257,0.032624690311526545,0.02160280098243819,0.0018545231693018055,0.06334799265573257,0.9994119449482255,0.9532221693462122,1.0696158366601123,0.019284684899020632,0.0020372275416932458,0.06961583666011233,1.0,1.0,1.0,1.0,1.0,1.0,1.0,1.0,1.0
HRS,intercept_only,0.05,30,1.0,1.0,1.0,1.0,1000.0,1000.0,1000.0,4185.5,4147.4125,4223.05,404.5,397.3625,411.4125,368.0,362.725,374.6875,0.7482414209201589,0.7437138501377982,0.755337049305132,0.07944427235727945,0.07763868672810764,0.08097443750683302,-0.0003200763516777866,-0.00045288829220698645,-0.00018312273526890801,-0.01373098706941206,-0.06919156360720267,0.035913867189417296,0.04305164979988961,0.028897270451707112,0.06919156360720267,1.1060379284237682,1.0751985006232425,1.1519582127396264,0.10603792842376836,0.07519850062324251,0.1519582127396265,1.0,0.98725,1.0,1.0,1.0,1.0,1.0,0.93525,1.0
HRS,intercept_only,0.1,30,1.0,1.0,1.0,1.0,2001.0,2001.0,2001.0,8377.75,8307.5375,8452.625,808.25,799.0,824.6375,735.25,727.8625,747.275,0.7482414209201589,0.7437138501377982,0.755337049305132,0.07943831037172255,0.07763024187865838,0.08095999868568915,-0.00032638158287924546,-0.00046150854454973887,-0.00019394071829971106,-0.012900901825247061,-0.06305798390929054,0.03324530153171974,0.029902800146533556,0.020878786502315283,0.06305798390929054,1.1060379284237682,1.0751985006232425,1.1519582127396264,0.10603792842376836,0.07519850062324251,0.1519582127396265,1.0,1.0,1.0,1.0,1.0,1.0,1.0,0.98625,1.0
HRS,intercept_only,0.2,30,1.0,1.0,1.0,1.0,4003.0,4003.0,4003.0,16769.75,16611.6375,16946.6875,1618.0,1594.95,1640.5125,1473.0,1455.5875,1495.55,0.7482414209201589,0.7437138501377982,0.755337049305132,0.07943659895112241,0.07762488609351534,0.08096679270653738,-0.0003281482042788199,-0.0004669582074006568,-0.00020219782722161644,-0.01185177047012593,-0.0628168426028546,0.03175172027139777,0.024355509141127725,0.01468278214572202,0.0628168426028546,1.1060379284237682,1.0751985006232425,1.1519582127396264,0.10603792842376836,0.07519850062324251,0.1519582127396265,1.0,1.0,1.0,1.0,1.0,1.0,1.0,0.99725,1.0
HRS,intercept_only,0.3,30,1.0,1.0,1.0,1.0,6004.0,6004.0,6004.0,25149.75,24929.525,25390.4,2426.5,2395.35,2463.0,2204.25,2180.625,2241.325,0.7482414209201589,0.7437138501377982,0.755337049305132,0.07943608211791683,0.07762409190310297,0.08096399111749543,-0.00032618946915578817,-0.0004672597529341578,-0.0001941632043366378,-0.012633505720060712,-0.060698123112212655,0.03089969608905324,0.021198313758562952,0.010321484166561349,0.060698123112212655,1.1060379284237682,1.0751985006232425,1.1519582127396264,0.10603792842376836,0.07519850062324251,0.1519582127396265,1.0,1.0,1.0,1.0,1.0,1.0,1.0,1.0,1.0
HRS,intercept_only,0.4,30,1.0,1.0,1.0,1.0,8006.0,8006.0,8006.0,33557.25,33248.2375,33852.475,3231.75,3196.725,3282.1875,2941.75,2915.925,2990.4625,0.7482414209201589,0.7437138501377982,0.755337049305132,0.07943689094030071,0.07762386844697435,0.08096624474153903,-0.00032688144068549266,-0.00046726317004062415,-0.00019467663322127174,-0.0111423888094392,-0.06147044925194881,0.032816974018083506,0.02047431535166202,0.007947297225652565,0.06147044925194881,1.1060379284237682,1.0751985006232425,1.1519582127396264,0.10603792842376836,0.07519850062324251,0.1519582127396265,1.0,1.0,1.0,1.0,1.0,1.0,1.0,1.0,1.0
HRS,intercept_only,0.5,30,1.0,1.0,1.0,1.0,10008.0,10008.0,10008.0,41943.25,41573.45,42292.1875,4046.25,4000.725,4101.075,3678.25,3643.0375,3732.375,0.7482414209201589,0.7437138501377982,0.755337049305132,0.07943605023736401,0.0776239857734191,0.08096641955273201,-0.00032729286239080793,-0.0004672273749813185,-0.00019562411018671106,-0.011588041781311474,-0.0614330248244047,0.03121633206167824,0.021183144049006248,0.005879819429255837,0.0614330248244047,1.1060379284237682,1.0751985006232425,1.1519582127396264,0.10603792842376836,0.07519850062324251,0.1519582127396265,1.0,1.0,1.0,1.0,1.0,1.0,1.0,1.0,1.0
HRS,intercept_only,0.6,30,1.0,1.0,1.0,1.0,12009.0,12009.0,12009.0,50322.0,49882.375,50769.55,4854.0,4795.0,4924.475,4414.5,4369.075,4481.65,0.7482414209201589,0.7437138501377982,0.755337049305132,0.07943596688088789,0.07762405159155658,0.08096559022013165,-0.0003271833347479776,-0.0004672148615162186,-0.00019660305751530329,-0.011678169774466646,-0.06206203712801907,0.031071415443729683,0.02175755712025638,0.0026422801693588753,0.06206203712801907,1.1060379284237682,1.0751985006232425,1.1519582127396264,0.10603792842376836,0.07519850062324251,0.1519582127396265,1.0,1.0,1.0,1.0,1.0,1.0,1.0,1.0,1.0
HRS,none,0.0,30,0.0,1.0,1.0,1.0,0.0,0.0,0.0,0.0,0.0,0.0,0.0,0.0,0.0,0.0,0.0,0.0,0.7482414209201589,0.7437138501377982,0.755337049305132,0.07977665846113588,0.07806156799330478,0.08121398232555181,0.0,0.0,0.0,-0.2223472343703328,-0.2527025031422131,-0.1966343121069044,0.2223472343703328,0.1966343121069044,0.2527025031422131,1.1060379284237682,1.0751985006232425,1.1519582127396264,0.10603792842376836,0.07519850062324251,0.1519582127396265,0.0,0.0,1.0,1.0,1.0,1.0,1.0,1.0,1.0
MHAS,intercept_and_slope,0.05,30,0.0,1.0,1.0,1.0,259.0,259.0,259.0,388.5,385.8625,392.1375,58.5,56.0,60.275,58.5,56.0,60.275,0.7022101228996392,0.6857491224858041,0.7217218114538075,0.1194973505117107,0.11338014900957387,0.12357257476375091,-0.015594911838145084,-0.018774016980241042,-0.013839746329051798,0.004577343725387683,-0.1152929730728807,0.10417963143182751,0.10435439631214133,0.07258390262133357,0.13553651887493565,0.9827215911162052,0.834004119031492,1.1396019185617905,0.13050976759724925,0.1038943364398803,0.2087807976058445,0.82,0.7145,0.88275,1.0,1.0,1.0,1.0,1.0,1.0
MHAS,intercept_and_slope,0.1,30,0.5333333333333333,1.0,1.0,1.0,519.0,519.0,519.0,779.0,773.45,783.775,117.0,114.45,120.9125,117.0,114.45,120.9125,0.7022101228996392,0.6857491224858041,0.7217218114538075,0.11933773472970961,0.11319973989504316,0.12331186438013544,-0.01584900506801116,-0.018993091818555914,-0.014034648984910239,-0.0028815791274560006,-0.11425385721088653,0.08572713285950459,0.07147077821108612,0.049045070087105236,0.1197571605418868,0.9898122210668725,0.8484147121909771,1.1533752805144915,0.09803865668325304,0.07200215483295797,0.21465355845185466,0.94,0.7845000000000001,0.98,1.0,1.0,1.0,1.0,1.0,1.0
MHAS,intercept_and_slope,0.2,30,0.6333333333333333,1.0,1.0,1.0,1038.0,1038.0,1038.0,1556.75,1549.45,1570.5,234.5,227.45,243.1375,234.5,227.45,243.1375,0.7022101228996392,0.6857491224858041,0.7217218114538075,0.11919167135174139,0.11316678899045046,0.12323298303464837,-0.01595335670400915,-0.018987647826099453,-0.014094482950296701,0.00013228758611321832,-0.1383210117931505,0.08918327709823838,0.04983658995200572,0.04035605109275515,0.13832101179315048,0.9937474446842649,0.8656731139406252,1.1692202912984822,0.06347807921865467,0.05021675393211839,0.21364785923070254,0.99,0.88,1.0,1.0,1.0,1.0,1.0,1.0,1.0
MHAS,intercept_and_slope,0.3,30,0.7333333333333333,1.0,1.0,1.0,1557.0,1557.0,1557.0,2335.25,2319.9,2355.0,351.75,342.8625,366.05,351.75,342.8625,366.05,0.7022101228996392,0.6857491224858041,0.7217218114538075,0.1191689435481799,0.11310332153191409,0.12319548805964525,-0.01601746291598035,-0.01904527662059614,-0.014137753591018622,0.00019937365049163593,-0.12325227989873874,0.09247967799250437,0.044205094097656,0.023564209590694586,0.12325227989873873,0.9848427842527347,0.861819210581793,1.1738872997243774,0.055675369228240956,0.03543498770761422,0.20658337672605884,1.0,0.97625,1.0,1.0,1.0,1.0,1.0,1.0,1.0
MHAS,intercept_and_slope,0.4,30,0.7,1.0,1.0,1.0,2076.0,2076.0,2076.0,3114.5,3093.9,3141.1,468.25,454.45,487.9625,468.25,454.45,487.9625,0.7022101228996392,0.6857491224858041,0.7217218114538075,0.11913487188377508,0.11309302021534869,0.12318520381998127,-0.01603789696346252,-0.01904355044464701,-0.014144977269461153,0.0010194083742535228,-0.12658054503908958,0.08994858737703391,0.03987773548824712,0.01949983678056161,0.12658054503908958,0.9847837613373784,0.8592392768366419,1.1703242089599886,0.04490739890154721,0.02702494492669674,0.21270547375379129,1.0,0.99725,1.0,1.0,1.0,1.0,1.0,1.0,1.0
MHAS,intercept_and_slope,0.5,30,0.7333333333333333,1.0,1.0,1.0,2596.0,2596.0,2596.0,3894.75,3870.0375,3926.5,587.25,569.0,610.1875,587.25,569.0,610.1875,0.7022101228996392,0.6857491224858041,0.7217218114538075,0.11912434151229775,0.11308441666136507,0.12316949819397924,-0.016039177445982926,-0.0190532367210341,-0.014158314952999601,-0.0004941901963671974,-0.12474262107064672,0.09050867025940365,0.03902169112529369,0.012131531436293093,0.12474262107064672,0.9900652311079765,0.8633556867924347,1.1657113924404643,0.05163959712437477,0.017139608987237796,0.20906055629131004,1.0,1.0,1.0,1.0,1.0,1.0,1.0,1.0,1.0
MHAS,intercept_and_slope,0.6,30,0.7,1.0,1.0,1.0,3115.0,3115.0,3115.0,4674.0,4641.625,4712.4125,705.0,682.725,732.1,705.0,682.725,732.1,0.7022101228996392,0.6857491224858041,0.7217218114538075,0.11912123777241941,0.1130854797432603,0.1231628975427108,-0.016052669008812925,-0.0190568854402409,-0.014160652955349613,-0.0005084803162679086,-0.12575525914566504,0.09081139124295684,0.04169039790282346,0.0004485911969795652,0.12575525914566504,0.9896369070681765,0.8621295809372477,1.165440728611585,0.0485049577824237,0.010546201583016761,0.20687596942993491,1.0,1.0,1.0,1.0,1.0,1.0,1.0,1.0,1.0
MHAS,intercept_only,0.05,30,0.36666666666666664,1.0,1.0,1.0,259.0,259.0,259.0,388.5,385.8625,392.1375,58.5,56.0,60.275,58.5,56.0,60.275,0.7022101228996392,0.6857491224858041,0.7217218114538075,0.11977744484946888,0.11366747709648521,0.12382408079633266,-0.015356217104942123,-0.01838492507579788,-0.013832013141237307,0.01471763544302511,-0.11910419507194814,0.10807762612579477,0.10676163631309361,0.07918885164341555,0.14179281546461633,0.8292972153437841,0.7612857194526081,0.9134185471731934,0.17070278465621586,0.08658145282680652,0.2387142805473918,0.795,0.71,0.8755,1.0,1.0,1.0,1.0,1.0,1.0
MHAS,intercept_only,0.1,30,0.8666666666666667,1.0,1.0,1.0,519.0,519.0,519.0,779.0,773.45,783.775,117.0,114.45,120.9125,117.0,114.45,120.9125,0.7022101228996392,0.6857491224858041,0.7217218114538075,0.11973758113187379,0.1135814138411258,0.12370413122299026,-0.015471972002172447,-0.018383039885030504,-0.013874848469177725,0.0004293200086181449,-0.1158884153047077,0.09084655308542139,0.07363222182478672,0.05586349078047423,0.12207703354914783,0.8292972153437841,0.7612857194526081,0.9134185471731934,0.17070278465621586,0.08658145282680652,0.2387142805473918,0.94,0.769,0.97,1.0,1.0,1.0,1.0,1.0,1.0
MHAS,intercept_only,0.2,30,0.8666666666666667,1.0,1.0,1.0,1038.0,1038.0,1038.0,1556.75,1549.45,1570.5,234.5,227.45,243.1375,234.5,227.45,243.1375,0.7022101228996392,0.6857491224858041,0.7217218114538075,0.11969277067572037,0.11374515045893392,0.12366516561557728,-0.015506729968688095,-0.018174689358846155,-0.01390251609227975,0.0038700461868304173,-0.1448097195280203,0.0943200316863076,0.05353748350591837,0.04089164794097448,0.1448097195280203,0.8292972153437841,0.7612857194526081,0.9134185471731934,0.17070278465621586,0.08658145282680652,0.2387142805473918,0.99,0.849,1.0,1.0,1.0,1.0,1.0,1.0,1.0
MHAS,intercept_only,0.3,30,0.9,1.0,1.0,1.0,1557.0,1557.0,1557.0,2335.25,2319.9,2355.0,351.75,342.8625,366.05,351.75,342.8625,366.05,0.7022101228996392,0.6857491224858041,0.7217218114538075,0.11966515296112332,0.11371799392465422,0.12364960154784693,-0.015520299541444165,-0.018318163951179637,-0.013912356231053177,0.0057202922392887825,-0.13009967479312562,0.09474731738913447,0.046252761113566944,0.025947401140617648,0.13009967479312562,0.8292972153437841,0.7612857194526081,0.9134185471731934,0.17070278465621586,0.08658145282680652,0.2387142805473918,1.0,0.96175,1.0,1.0,1.0,1.0,1.0,1.0,1.0
MHAS,intercept_only,0.4,30,0.8666666666666667,1.0,1.0,1.0,2076.0,2076.0,2076.0,3114.5,3093.9,3141.1,468.25,454.45,487.9625,468.25,454.45,487.9625,0.7022101228996392,0.6857491224858041,0.7217218114538075,0.11966087686973514,0.11370322138057781,0.12365392854020511,-0.015518124893011898,-0.01829706651347411,-0.01391603962968145,0.0059739829359012975,-0.1333329187073566,0.09347507624208269,0.043651144355119194,0.01999468713183935,0.1333329187073566,0.8292972153437841,0.7612857194526081,0.9134185471731934,0.17070278465621586,0.08658145282680652,0.2387142805473918,1.0,0.99,1.0,1.0,1.0,1.0,1.0,1.0,1.0
MHAS,intercept_only,0.5,30,0.8666666666666667,1.0,1.0,1.0,2596.0,2596.0,2596.0,3894.75,3870.0375,3926.5,587.25,569.0,610.1875,587.25,569.0,610.1875,0.7022101228996392,0.6857491224858041,0.7217218114538075,0.11966518622655832,0.11370517006270107,0.12364723052226675,-0.01551854545802472,-0.018309301368593312,-0.013916265976568538,0.004034582017333487,-0.13146846343042076,0.09368710127243268,0.04614090948289752,0.012599370622253279,0.13146846343042076,0.8292972153437841,0.7612857194526081,0.9134185471731934,0.17070278465621586,0.08658145282680652,0.2387142805473918,1.0,1.0,1.0,1.0,1.0,1.0,1.0,1.0,1.0
MHAS,intercept_only,0.6,30,0.8666666666666667,1.0,1.0,1.0,3115.0,3115.0,3115.0,4674.0,4641.625,4712.4125,705.0,682.725,732.1,705.0,682.725,732.1,0.7022101228996392,0.6857491224858041,0.7217218114538075,0.11966053730455685,0.11371881021974031,0.12364910468338519,-0.015518613327629441,-0.018299571887166202,-0.013915376533751493,0.0024050847508118684,-0.13295229902060438,0.09414848337474772,0.04507552509621023,0.000994898893748498,0.13295229902060438,0.8292972153437841,0.7612857194526081,0.9134185471731934,0.17070278465621586,0.08658145282680652,0.2387142805473918,1.0,1.0,1.0,1.0,1.0,1.0,1.0,1.0,1.0
MHAS,none,0.0,30,0.0,1.0,1.0,1.0,0.0,0.0,0.0,0.0,0.0,0.0,0.0,0.0,0.0,0.0,0.0,0.0,0.7022101228996392,0.6857491224858041,0.7217218114538075,0.1355464905061244,0.1307487877945948,0.13905400498978326,0.0,0.0,0.0,-0.7846921374467506,-0.8665092513022301,-0.7299853343528379,0.7846921374467506,0.7299853343528379,0.8665092513022301,0.8292972153437841,0.7612857194526081,0.9134185471731934,0.17070278465621586,0.08658145282680652,0.2387142805473918,0.0,0.0,0.0,1.0,1.0,1.0,1.0,1.0,1.0
