cohort,model,evaluation_landmark_year,evaluation_outcome_year,evaluation_history_horizon_years,evaluation_horizon_years,evaluation_primary_horizon,evaluation_interval_class,method,calibration_records,calibration_persons,calibration_events,evaluation_records,evaluation_persons,evaluation_events,overlapping_persons,fit_success,fitted_intercept,fitted_slope,raw_brier,raw_abs_citl,raw_abs_slope_error,records,events,event_rate,mean_prediction,auc,brier,calibration_intercept,calibration_slope,delta_brier_vs_raw,delta_abs_citl_vs_raw,delta_abs_slope_error_vs_raw,automatic_update_worsened_brier,automatic_update_worsened_abs_citl
HRS,M0,1998,2000,2,2,True,primary_2to3_year,none,2674,2674,411,5472,5472,502,1924,True,0.0,1.0,0.0853530489518404,0.668065871289987,0.248673032952943,5472,502,0.0917397660818713,0.162121400258904,0.659512052394046,0.0853530489518404,-0.668065871289987,1.24867303295294,0.0,0.0,0.0,False,False
HRS,M0,1998,2000,2,2,True,primary_2to3_year,intercept_only,2674,2674,411,5472,5472,502,1924,True,-0.424550174844276,1.0,0.0853530489518404,0.668065871289987,0.248673032952943,5472,502,0.0917397660818713,0.113574637077121,0.659512052394046,0.0807031445852691,-0.243515696445711,1.24867303295294,-0.0046499043665712,-0.424550174844276,2.2204460492503099e-16,False,False
HRS,M0,1998,2000,2,2,True,primary_2to3_year,intercept_and_slope,2674,2674,411,5472,5472,502,1924,True,-0.0099606953035702,1.33593823291057,0.0853530489518404,0.668065871289987,0.248673032952943,5472,502,0.0917397660818713,0.10472781487914,0.659512052394046,0.0803027023849932,-0.153170093581284,0.934678716569472,-0.0050503465668472,-0.514895777708703,-0.183351749522415,False,False
HRS,M0,2000,2002,2,2,True,primary_2to3_year,none,8146,6222,913,7250,7250,671,4325,True,0.0,1.0,0.0856856655898661,0.65729418438393,0.340036399513522,7250,671,0.092551724137931,0.162316651252833,0.657857872755498,0.0856856655898661,-0.65729418438393,1.34003639951352,0.0,0.0,0.0,False,False
HRS,M0,2000,2002,2,2,True,primary_2to3_year,intercept_only,8146,6222,913,7250,7250,671,4325,True,-0.567502478450461,1.0,0.0856856655898661,0.65729418438393,0.340036399513522,7250,671,0.092551724137931,0.100216698908736,0.657857872755498,0.0809680465406088,-0.0897917059334694,1.34003639951352,-0.0047176190492573,-0.567502478450461,-4.44089209850063e-16,False,False
HRS,M0,2000,2002,2,2,True,primary_2to3_year,intercept_and_slope,8146,6222,913,7250,7250,671,4325,True,-0.113751694528113,1.3247275057973,0.0856856655898661,0.65729418438393,0.340036399513522,7250,671,0.092551724137931,0.0966597539794564,0.657857872755498,0.0805831213764554,-0.0496980104881265,1.01155625866393,-0.0051025442134106,-0.607596173895804,-0.328480140849591,False,False
HRS,M0,2002,2004,2,2,True,primary_2to3_year,none,15396,9147,1584,7351,7351,677,5845,True,0.0,1.0,0.0855531690435846,0.670796021412082,0.357857949413824,7351,677,0.0920963134267447,0.163371820716572,0.660983737681755,0.0855531690435846,-0.670796021412082,1.35785794941382,0.0,0.0,0.0,False,False
HRS,M0,2002,2004,2,2,True,primary_2to3_year,intercept_only,15396,9147,1584,7351,7351,677,5845,True,-0.606849416020559,1.0,0.0855531690435846,0.670796021412082,0.357857949413824,7351,677,0.0920963134267447,0.097476773966663,0.660983737681755,0.080622089203123,-0.063946605391523,1.35785794941382,-0.0049310798404615,-0.606849416020559,-4.44089209850063e-16,False,False
HRS,M0,2002,2004,2,2,True,primary_2to3_year,intercept_and_slope,15396,9147,1584,7351,7351,677,5845,True,-0.115602132155369,1.33857012793836,0.0855531690435846,0.670796021412082,0.357857949413824,7351,677,0.0920963134267447,0.0956600919951337,0.660983737681755,0.0802612501424816,-0.0434368870625097,1.01440927230699,-0.0052919189011029,-0.627359134349572,-0.343448677106838,False,False
HRS,M0,2004,2006,2,2,True,primary_2to3_year,none,22747,10653,2261,7266,7266,696,6064,True,0.0,1.0,0.0889286254266196,0.642511299845317,0.265980502791813,7266,696,0.0957886044591247,0.16560764689871,0.652356474920835,0.0889286254266196,-0.642511299845317,1.26598050279181,0.0,0.0,2.2204460492503099e-16,False,False
HRS,M0,2004,2006,2,2,True,primary_2to3_year,intercept_only,22747,10653,2261,7266,7266,696,6064,True,-0.62652535917693,1.0,0.0889286254266196,0.642511299845317,0.265980502791813,7266,696,0.0957886044591247,0.097156362420359,0.652356474920835,0.0840647263904629,-0.0159859406683878,1.26598050279181,-0.0048638990361567,-0.62652535917693,6.66133814775094e-16,False,False
HRS,M0,2004,2006,2,2,True,primary_2to3_year,intercept_and_slope,22747,10653,2261,7266,7266,696,6064,True,-0.116567358841993,1.34711231455007,0.0889286254266196,0.642511299845317,0.265980502791813,7266,696,0.0957886044591247,0.096163121924034,0.652356474920835,0.083915253362013,-0.0044713561581318,0.939773535671854,-0.0050133720646066,-0.638039943687186,-0.205754038463667,False,False
HRS,M0,2006,2008,2,2,True,primary_2to3_year,none,30013,11855,2957,7110,7110,686,6134,True,0.0,1.0,0.0906409151608341,0.666907804222216,0.120533261364159,7110,686,0.0964838255977497,0.170014682223934,0.631030478816682,0.0906409151608341,-0.666907804222216,1.12053326136416,0.0,0.0,2.2204460492503099e-16,False,False
HRS,M0,2006,2008,2,2,True,primary_2to3_year,intercept_only,30013,11855,2957,7110,7110,686,6134,True,-0.630323308516822,1.0,0.0906409151608341,0.666907804222216,0.120533261364159,7110,686,0.0964838255977497,0.0996587999880009,0.631030478816682,0.084974342911624,-0.0365844957053941,1.12053326136416,-0.0056665722492101,-0.630323308516822,2.2204460492503099e-16,False,False
HRS,M0,2006,2008,2,2,True,primary_2to3_year,intercept_and_slope,30013,11855,2957,7110,7110,686,6134,True,-0.14429035092887,1.32875475288871,0.0906409151608341,0.666907804222216,0.120533261364159,7110,686,0.0964838255977497,0.0998003175012069,0.631030478816682,0.0849523276862681,-0.0388164432390877,0.843295769161409,-0.005688587474566,-0.628091360983128,0.036170969474432,False,False
HRS,M0,2008,2010,2,2,True,primary_2to3_year,none,37123,12831,3643,6877,6877,756,5966,True,0.0,1.0,0.0990553693371778,0.538973010154939,0.117565914250719,6877,756,0.109931656245456,0.172833603454028,0.624226684265894,0.0990553693371778,-0.538973010154939,1.11756591425072,0.0,0.0,0.0,False,False
HRS,M0,2008,2010,2,2,True,primary_2to3_year,intercept_only,37123,12831,3643,6877,6877,756,5966,True,-0.637312269225386,1.0,0.0990553693371778,0.538973010154939,0.117565914250719,6877,756,0.109931656245456,0.100849485294682,0.624226684265894,0.0951077987949088,0.0983392590704469,1.11756591425072,-0.003947570542269,-0.440633751084492,0.0,False,False
HRS,M0,2008,2010,2,2,True,primary_2to3_year,intercept_and_slope,37123,12831,3643,6877,6877,756,5966,True,-0.207892793885304,1.2901564079738,0.0990553693371778,0.538973010154939,0.117565914250719,6877,756,0.109931656245456,0.101460325748562,0.624226684265894,0.0948158596633278,0.0928462417313291,0.866225139326995,-0.00423950967385,-0.44612676842361,0.0162089464222862,False,False
HRS,M0,2010,2012,2,2,True,primary_2to3_year,none,44000,13742,4399,6905,6905,599,5880,True,0.0,1.0,0.0865918753921771,0.827905067381786,0.0545307238505748,6905,599,0.0867487328023172,0.175807604092523,0.611874002923786,0.0865918753921771,-0.827905067381786,0.945469276149425,0.0,0.0,0.0,False,False
HRS,M0,2010,2012,2,2,True,primary_2to3_year,intercept_only,44000,13742,4399,6905,6905,599,5880,True,-0.621118422085777,1.0,0.0865918753921771,0.827905067381786,0.0545307238505748,6905,599,0.0867487328023172,0.104237662585788,0.611874002923786,0.0781549167462494,-0.206786645296008,0.945469276149425,-0.0084369586459276,-0.621118422085777,0.0,False,False
HRS,M0,2010,2012,2,2,True,primary_2to3_year,intercept_and_slope,44000,13742,4399,6905,6905,599,5880,True,-0.232224372934389,1.26295626392997,0.0865918753921771,0.827905067381786,0.0545307238505748,6905,599,0.0867487328023172,0.105262740915633,0.611874002923786,0.0784073656915636,-0.220546687645005,0.748616007657611,-0.0081845097006135,-0.60735837973678,0.196853268491814,False,False
HRS,M0,2012,2014,2,2,True,primary_2to3_year,none,50905,14767,4998,7307,7307,703,5951,True,0.0,1.0,0.0918726461467698,0.691109125887225,0.0557365575676206,7307,703,0.096209114547694,0.172740101839182,0.619995274212017,0.0918726461467698,-0.691109125887225,0.94426344243238,0.0,0.0,-1.11022302462516e-16,False,False
HRS,M0,2012,2014,2,2,True,primary_2to3_year,intercept_only,50905,14767,4998,7307,7307,703,5951,True,-0.648156396484603,1.0,0.0918726461467698,0.691109125887225,0.0557365575676206,7307,703,0.096209114547694,0.0999317050816651,0.619995274212017,0.0853237914517976,-0.0429527294026222,0.944263442432379,-0.0065488546949721,-0.648156396484603,1.11022302462516e-16,False,False
HRS,M0,2012,2014,2,2,True,primary_2to3_year,intercept_and_slope,50905,14767,4998,7307,7307,703,5951,True,-0.324844800073675,1.21922232043204,0.0918726461467698,0.691109125887225,0.0557365575676206,7307,703,0.096209114547694,0.10037704103349,0.619995274212017,0.0854472915348321,-0.0485061965466945,0.774480114584658,-0.0064253546119376,-0.64260292934053,0.169783327847722,False,False
HRS,M0,2014,2016,2,2,True,primary_2to3_year,none,58212,16123,5701,7048,7048,692,5980,True,0.0,1.0,0.0919391867821788,0.661099195120084,0.0669509663147165,7048,692,0.0981838819523269,0.171702082045786,0.631933506004067,0.0919391867821788,-0.661099195120084,1.06695096631472,0.0,0.0,2.2204460492503099e-16,False,False
HRS,M0,2014,2016,2,2,True,primary_2to3_year,intercept_only,58212,16123,5701,7048,7048,692,5980,True,-0.653539326836625,1.0,0.0919391867821788,0.661099195120084,0.0669509663147165,7048,692,0.0981838819523269,0.0988413510661493,0.631933506004067,0.0861436983835358,-0.0075598682834589,1.06695096631472,-0.005795488398643,-0.653539326836625,2.2204460492503099e-16,False,False
HRS,M0,2014,2016,2,2,True,primary_2to3_year,intercept_and_slope,58212,16123,5701,7048,7048,692,5980,True,-0.383173444484673,1.18338891587519,0.0919391867821788,0.661099195120084,0.0669509663147165,7048,692,0.0981838819523269,0.0990936793932575,0.631933506004067,0.0860461503636495,-0.0105434554011351,0.901606354429673,-0.0058930364185293,-0.650555739718949,0.0314426792556106,False,False
HRS,M0,2016,2018,2,2,True,primary_2to3_year,none,65260,17191,6393,6564,6564,570,5473,True,0.0,1.0,0.0859276717919371,0.798843130263884,0.0938045993783341,6564,570,0.086837294332724,0.171560231416777,0.611880008663634,0.0859276717919371,-0.798843130263884,0.906195400621666,0.0,0.0,-1.11022302462516e-16,False,False
HRS,M0,2016,2018,2,2,True,primary_2to3_year,intercept_only,65260,17191,6393,6564,6564,570,5473,True,-0.654358661065243,1.0,0.0859276717919371,0.798843130263884,0.0938045993783341,6564,570,0.086837294332724,0.0987363321795165,0.611880008663634,0.0779477708471854,-0.14448446919864,0.906195400621666,-0.0079799009447516,-0.654358661065243,-2.2204460492503099e-16,False,False
HRS,M0,2016,2018,2,2,True,primary_2to3_year,intercept_and_slope,65260,17191,6393,6564,6564,570,5473,True,-0.403758450844016,1.170069697236,0.0859276717919371,0.798843130263884,0.0938045993783341,6564,570,0.086837294332724,0.0989884104686536,0.611880008663634,0.0780392988836824,-0.148583930587771,0.774479847450397,-0.0078883729082546,-0.650259199676113,0.131715553171269,False,False
HRS,M0,2018,2020,2,2,True,primary_2to3_year,none,71824,18282,6963,6360,6360,555,5411,True,0.0,1.0,0.0858060111894261,0.786913255550062,0.0440106824155568,6360,555,0.0872641509433962,0.170641383008719,0.620524865951223,0.0858060111894261,-0.786913255550062,0.955989317584443,0.0,0.0,0.0,False,False
HRS,M0,2018,2020,2,2,True,primary_2to3_year,intercept_only,71824,18282,6963,6360,6360,555,5411,True,-0.66696629153138,1.0,0.0858060111894261,0.786913255550062,0.0440106824155568,6360,555,0.0872641509433962,0.0970862609733362,0.620524865951223,0.0781015832602871,-0.119946964018683,0.955989317584443,-0.0077044279291389,-0.66696629153138,-1.11022302462516e-16,False,False
HRS,M0,2018,2020,2,2,True,primary_2to3_year,intercept_and_slope,71824,18282,6963,6360,6360,555,5411,True,-0.453396895185518,1.14496215170097,0.0858060111894261,0.786913255550062,0.0440106824155568,6360,555,0.0872641509433962,0.0972132125294496,0.620524865951223,0.078149631331074,-0.122269703323559,0.834952767796045,-0.0076563798583521,-0.664643552226503,0.121036549788398,False,False
HRS,M0,2020,2022,2,2,True,primary_2to3_year,none,78184,19231,7518,5757,5757,548,4972,True,0.0,1.0,0.0910299892661245,0.689611150233581,0.107236591704952,5757,548,0.0951884662150426,0.170668846720474,0.609799960203634,0.0910299892661245,-0.689611150233581,0.892763408295048,0.0,0.0,1.11022302462516e-16,False,False
HRS,M0,2020,2022,2,2,True,primary_2to3_year,intercept_only,78184,19231,7518,5757,5757,548,4972,True,-0.676309310550211,1.0,0.0910299892661245,0.689611150233581,0.107236591704952,5757,548,0.0951884662150426,0.0963155203337851,0.609799960203634,0.0844806120861793,-0.0133018396833698,0.892763408295048,-0.0065493771799451,-0.676309310550211,1.11022302462516e-16,False,False
HRS,M0,2020,2022,2,2,True,primary_2to3_year,intercept_and_slope,78184,19231,7518,5757,5757,548,4972,True,-0.486335546169616,1.12894824373286,0.0910299892661245,0.689611150233581,0.107236591704952,5757,548,0.0951884662150426,0.0964232027831127,0.609799960203634,0.0845180064573884,-0.014658840385969,0.790792149463938,-0.006511982808736,-0.674952309847612,0.10197125883111,False,False
HRS,M1,1998,2000,2,2,True,primary_2to3_year,none,2674,2674,411,5472,5472,502,1924,True,0.0,1.0,0.0767306472345297,0.204822195465634,0.0752574864158355,5472,502,0.0917397660818713,0.10882593883914,0.755168260559372,0.0767306472345297,-0.204822195465634,1.07525748641584,0.0,0.0,0.0,False,False
HRS,M1,1998,2000,2,2,True,primary_2to3_year,intercept_only,2674,2674,411,5472,5472,502,1924,True,0.0910368248513852,1.0,0.0767306472345297,0.204822195465634,0.0752574864158355,5472,502,0.0917397660818713,0.117224772057423,0.755168260559372,0.0771352048009891,-0.29585902031702,1.07525748641584,0.0004045575664594,0.0910368248513854,0.0,False,True
HRS,M1,1998,2000,2,2,True,primary_2to3_year,intercept_and_slope,2674,2674,411,5472,5472,502,1924,True,0.585920449922395,1.30762432851787,0.0767306472345297,0.204822195465634,0.0752574864158355,5472,502,0.0917397660818713,0.111409795581871,0.755168260559372,0.077779517909177,-0.246856325011571,0.822298869949529,0.0010488706746473,0.0420341295459361,0.102443643634636,True,True
HRS,M1,2000,2002,2,2,True,primary_2to3_year,none,8146,6222,913,7250,7250,671,4325,True,0.0,1.0,0.0764036855215651,0.144080113852228,0.130350309063534,7250,671,0.092551724137931,0.104434036017121,0.755248318669188,0.0764036855215651,-0.144080113852228,1.13035030906353,0.0,0.0,0.0,False,False
HRS,M1,2000,2002,2,2,True,primary_2to3_year,intercept_only,8146,6222,913,7250,7250,671,4325,True,-0.083810494662407,1.0,0.0764036855215651,0.144080113852228,0.130350309063534,7250,671,0.092551724137931,0.0973754469152868,0.755248318669188,0.0763520493313428,-0.060269619189821,1.13035030906353,-5.16361902223039e-05,-0.0838104946624068,0.0,False,False
HRS,M1,2000,2002,2,2,True,primary_2to3_year,intercept_and_slope,8146,6222,913,7250,7250,671,4325,True,0.218082165584096,1.17450280291435,0.0764036855215651,0.144080113852228,0.130350309063534,7250,671,0.092551724137931,0.0954587822719808,0.755248318669188,0.0762386899977343,-0.0377003944695326,0.964005311343007,-0.0001649955238307,-0.106379719382695,-0.0943556204065408,False,False
HRS,M1,2002,2004,2,2,True,primary_2to3_year,none,15396,9147,1584,7351,7351,677,5845,True,0.0,1.0,0.0762088175346209,0.212231196652672,0.171011472659151,7351,677,0.0920963134267447,0.109924823966576,0.755386541569414,0.0762088175346209,-0.212231196652672,1.17101147265915,0.0,0.0,0.0,False,False
HRS,M1,2002,2004,2,2,True,primary_2to3_year,intercept_only,15396,9147,1584,7351,7351,677,5845,True,-0.110051470260631,1.0,0.0762088175346209,0.212231196652672,0.171011472659151,7351,677,0.0920963134267447,0.100350049041531,0.755386541569414,0.0759973281369577,-0.102179726392041,1.17101147265915,-0.0002114893976631,-0.110051470260631,0.0,False,False
HRS,M1,2002,2004,2,2,True,primary_2to3_year,intercept_and_slope,15396,9147,1584,7351,7351,677,5845,True,0.170175985318848,1.15654679122894,0.0762088175346209,0.212231196652672,0.171011472659151,7351,677,0.0920963134267447,0.100064989005429,0.755386541569414,0.0759629509413612,-0.101375384103053,1.01250680066611,-0.0002458665932596,-0.110855812549619,-0.158504671993045,False,False
HRS,M1,2004,2006,2,2,True,primary_2to3_year,none,22747,10653,2261,7266,7266,696,6064,True,0.0,1.0,0.0799978296042884,0.193764520953055,0.111293461868798,7266,696,0.0957886044591247,0.112562130199234,0.749528617540545,0.0799978296042884,-0.193764520953055,1.1112934618688,0.0,0.0,0.0,False,False
HRS,M1,2004,2006,2,2,True,primary_2to3_year,intercept_only,22747,10653,2261,7266,7266,696,6064,True,-0.141738032037805,1.0,0.0799978296042884,0.193764520953055,0.111293461868798,7266,696,0.0957886044591247,0.100072080048744,0.749528617540545,0.0797605518398188,-0.0520264889152504,1.1112934618688,-0.0002372777644696,-0.141738032037805,0.0,False,False
HRS,M1,2004,2006,2,2,True,primary_2to3_year,intercept_and_slope,22747,10653,2261,7266,7266,696,6064,True,0.147465082924107,1.16148026112045,0.0799978296042884,0.193764520953055,0.111293461868798,7266,696,0.0957886044591247,0.100129435362769,0.749528617540545,0.0798635882380335,-0.0540732637836485,0.956790685914844,-0.0001342413662549,-0.139691257169407,-0.0680841477836426,False,False
HRS,M1,2006,2008,2,2,True,primary_2to3_year,none,30013,11855,2957,7110,7110,686,6134,True,0.0,1.0,0.0796912022702476,0.24535957247877,0.174308803437437,7110,686,0.0964838255977497,0.118165315459918,0.75904679608901,0.0796912022702476,-0.24535957247877,1.17430880343744,0.0,0.0,0.0,False,False
HRS,M1,2006,2008,2,2,True,primary_2to3_year,intercept_only,30013,11855,2957,7110,7110,686,6134,True,-0.154227970773403,1.0,0.0796912022702476,0.24535957247877,0.174308803437437,7110,686,0.0964838255977497,0.104113459035243,0.75904679608901,0.0793392400585082,-0.0911316017053676,1.17430880343744,-0.0003519622117394,-0.154227970773403,-2.2204460492503099e-16,False,False
HRS,M1,2006,2008,2,2,True,primary_2to3_year,intercept_and_slope,30013,11855,2957,7110,7110,686,6134,True,0.113365281562245,1.14948641230032,0.0796912022702476,0.24535957247877,0.174308803437437,7110,686,0.0964838255977497,0.104858486752013,0.75904679608901,0.0793502535198006,-0.102243206701921,1.02159433193077,-0.0003409487504469,-0.143116365776849,-0.15271447150667,False,False
HRS,M1,2008,2010,2,2,True,primary_2to3_year,none,37123,12831,3643,6877,6877,756,5966,True,0.0,1.0,0.0905753990246829,0.0859757034277978,0.0233537586582488,6877,756,0.109931656245456,0.117985378235946,0.718933928560624,0.0905753990246829,-0.0859757034277978,1.02335375865825,0.0,0.0,0.0,False,False
HRS,M1,2008,2010,2,2,True,primary_2to3_year,intercept_only,37123,12831,3643,6877,6877,756,5966,True,-0.171862446957279,1.0,0.0905753990246829,0.0859757034277978,0.0233537586582488,6877,756,0.109931656245456,0.10234513596951,0.718933928560624,0.090601787087597,0.0858867435294809,1.02335375865825,2.63880629140928e-05,-8.89598983169065e-05,-2.2204460492503099e-16,False,False
HRS,M1,2008,2010,2,2,True,primary_2to3_year,intercept_and_slope,37123,12831,3643,6877,6877,756,5966,True,0.0988595987683976,1.15252917844371,0.0905753990246829,0.0859757034277978,0.0233537586582488,6877,756,0.109931656245456,0.102788928131501,0.718933928560624,0.0905611841571572,0.0826752263374254,0.887920043846622,-1.4214867525647e-05,-0.0033004770903724,0.0887261974951292,False,False
HRS,M1,2010,2012,2,2,True,primary_2to3_year,none,44000,13742,4399,6905,6905,599,5880,True,0.0,1.0,0.074748740064643,0.386965621224832,0.103659195964465,6905,599,0.0867487328023172,0.119845673995678,0.741918685704634,0.074748740064643,-0.386965621224832,1.10365919596447,0.0,0.0,0.0,False,False
HRS,M1,2010,2012,2,2,True,primary_2to3_year,intercept_only,44000,13742,4399,6905,6905,599,5880,True,-0.157626857381238,1.0,0.074748740064643,0.386965621224832,0.103659195964465,6905,599,0.0867487328023172,0.10528143078605,0.741918685704634,0.0738233217287804,-0.229338763843594,1.10365919596447,-0.0009254183358626,-0.157626857381238,0.0,False,False
HRS,M1,2010,2012,2,2,True,primary_2to3_year,intercept_and_slope,44000,13742,4399,6905,6905,599,5880,True,0.0761196776454596,1.13165082357678,0.074748740064643,0.386965621224832,0.103659195964465,6905,599,0.0867487328023172,0.105887844293035,0.741918685704634,0.0740865824441059,-0.241006482881967,0.975264783951785,-0.0006621576205371,-0.145959138342865,-0.0789239799162509,False,False
HRS,M1,2012,2014,2,2,True,primary_2to3_year,none,50905,14767,4998,7307,7307,703,5951,True,0.0,1.0,0.0803791581663268,0.233819050264427,0.124674713712469,7307,703,0.096209114547694,0.116765650521835,0.752563212260684,0.0803791581663268,-0.233819050264427,1.12467471371247,0.0,0.0,0.0,False,False
HRS,M1,2012,2014,2,2,True,primary_2to3_year,intercept_only,50905,14767,4998,7307,7307,703,5951,True,-0.187789817202216,1.0,0.0803791581663268,0.233819050264427,0.124674713712469,7307,703,0.096209114547694,0.0999978395564802,0.752563212260684,0.0799784203353901,-0.0460292330622108,1.12467471371247,-0.0004007378309367,-0.187789817202216,0.0,False,False
HRS,M1,2012,2014,2,2,True,primary_2to3_year,intercept_and_slope,50905,14767,4998,7307,7307,703,5951,True,0.0329068133988481,1.12508795469835,0.0803791581663268,0.233819050264427,0.124674713712469,7307,703,0.096209114547694,0.100292562400165,0.752563212260684,0.0800344151246148,-0.0505352960933599,0.999632703395185,-0.000344743041712,-0.183283754171067,-0.124307417107654,False,False
HRS,M1,2014,2016,2,2,True,primary_2to3_year,none,58212,16123,5701,7048,7048,692,5980,True,0.0,1.0,0.0823019934018796,0.213525701847991,0.0275331025992434,7048,692,0.0981838819523269,0.117102439600352,0.736171070437291,0.0823019934018796,-0.213525701847991,1.02753310259924,0.0,0.0,0.0,False,False
HRS,M1,2014,2016,2,2,True,primary_2to3_year,intercept_only,58212,16123,5701,7048,7048,692,5980,True,-0.193558506817313,1.0,0.0823019934018796,0.213525701847991,0.0275331025992434,7048,692,0.0981838819523269,0.0998376907742117,0.736171070437291,0.0818607587655428,-0.0199671950306783,1.02753310259924,-0.0004412346363367,-0.193558506817313,0.0,False,False
HRS,M1,2014,2016,2,2,True,primary_2to3_year,intercept_and_slope,58212,16123,5701,7048,7048,692,5980,True,0.0259684178254809,1.12474338909346,0.0823019934018796,0.213525701847991,0.0275331025992434,7048,692,0.0981838819523269,0.10015835166875,0.736171070437291,0.0819602588392607,-0.0242935925291867,0.913571174169304,-0.0003417345626188,-0.189232109318804,0.058895723231453,False,False
HRS,M1,2016,2018,2,2,True,primary_2to3_year,none,65260,17191,6393,6564,6564,570,5473,True,0.0,1.0,0.0754289932692492,0.344785607596829,0.0015809085105014,6564,570,0.086837294332724,0.115766966497235,0.737139332314771,0.0754289932692492,-0.344785607596829,1.0015809085105,0.0,0.0,0.0,False,False
HRS,M1,2016,2018,2,2,True,primary_2to3_year,intercept_only,65260,17191,6393,6564,6564,570,5473,True,-0.195727881164989,1.0,0.0754289932692492,0.344785607596829,0.0015809085105014,6564,570,0.086837294332724,0.0984950516903193,0.737139332314771,0.0744710331280043,-0.14905772643184,1.0015809085105,-0.0009579601412449,-0.195727881164989,2.2204460492503099e-16,False,False
HRS,M1,2016,2018,2,2,True,primary_2to3_year,intercept_and_slope,65260,17191,6393,6564,6564,570,5473,True,0.0040480725202359,1.11362523188225,0.0754289932692492,0.344785607596829,0.0015809085105014,6564,570,0.086837294332724,0.0986447772801298,0.737139332314771,0.0747479285239188,-0.153583706766716,0.899387765143958,-0.0006810647453303,-0.191201900830113,0.0990313263455409,False,False
HRS,M1,2018,2020,2,2,True,primary_2to3_year,none,71824,18282,6963,6360,6360,555,5411,True,0.0,1.0,0.0726755344947463,0.320190523576959,0.228082896275151,6360,555,0.0872641509433962,0.113928605788812,0.774460817406554,0.0726755344947463,-0.320190523576959,1.22808289627515,0.0,0.0,0.0,False,False
HRS,M1,2018,2020,2,2,True,primary_2to3_year,intercept_only,71824,18282,6963,6360,6360,555,5411,True,-0.208735451704644,1.0,0.0726755344947463,0.320190523576959,0.228082896275151,6360,555,0.0872641509433962,0.0958768347819302,0.774460817406554,0.0720991695053466,-0.111455071872315,1.22808289627515,-0.0005763649893996,-0.208735451704644,0.0,False,False
HRS,M1,2018,2020,2,2,True,primary_2to3_year,intercept_and_slope,71824,18282,6963,6360,6360,555,5411,True,-0.0275007927747852,1.1031675387332,0.0726755344947463,0.320190523576959,0.228082896275151,6360,555,0.0872641509433962,0.0958912017813315,0.774460817406554,0.0720336861522337,-0.113518270807492,1.11323335476528,-0.0006418483425126,-0.206672252769467,-0.114849541509869,False,False
HRS,M1,2020,2022,2,2,True,primary_2to3_year,none,78184,19231,7518,5757,5757,548,4972,True,0.0,1.0,0.0808655567746527,0.187186402438591,0.0260421658300853,5757,548,0.0951884662150426,0.111202005052796,0.737820595460132,0.0808655567746527,-0.187186402438591,1.02604216583009,0.0,0.0,0.0,False,False
HRS,M1,2020,2022,2,2,True,primary_2to3_year,intercept_only,78184,19231,7518,5757,5757,548,4972,True,-0.217364964734235,1.0,0.0808655567746527,0.187186402438591,0.0260421658300853,5757,548,0.0951884662150426,0.092797655826949,0.737820595460132,0.0805110200826962,0.0301785622956433,1.02604216583009,-0.0003545366919564,-0.157007840142948,0.0,False,False
HRS,M1,2020,2022,2,2,True,primary_2to3_year,intercept_and_slope,78184,19231,7518,5757,5757,548,4972,True,-0.0198557391955026,1.11264862503812,0.0808655567746527,0.187186402438591,0.0260421658300853,5757,548,0.0951884662150426,0.0925063961446115,0.737820595460132,0.0806864908083759,0.034523861215547,0.922161941648918,-0.0001790659662767,-0.152662541223044,0.0517958925209966,False,False
ELSA,M0,2006,2008,2,2,True,primary_2to3_year,none,3281,3281,329,3089,3089,352,2538,True,0.0,1.0,0.0984946137522703,0.362368228690181,0.527739868414004,3089,352,0.113952735513111,0.155113744124402,0.64687354684957,0.0984946137522703,-0.362368228690181,1.527739868414,0.0,5.55111512312578e-17,2.2204460492503099e-16,False,False
ELSA,M0,2006,2008,2,2,True,primary_2to3_year,intercept_only,3281,3281,329,3089,3089,352,2538,True,-0.500413423328302,1.0,0.0984946137522703,0.362368228690181,0.527739868414004,3089,352,0.113952735513111,0.100926628183788,0.64687354684957,0.0975862101293801,0.138045194638121,1.527739868414,-0.0009084036228902,-0.224323034052061,0.0,False,False
ELSA,M0,2006,2008,2,2,True,primary_2to3_year,intercept_and_slope,3281,3281,329,3089,3089,352,2538,True,-0.0359746726562899,1.28583888882835,0.0984946137522703,0.362368228690181,0.527739868414004,3089,352,0.113952735513111,0.101196131046607,0.64687354684957,0.0968582196963874,0.136473862548663,1.18812697429464,-0.0016363940558829,-0.225894366141518,-0.339612894119369,False,False
ELSA,M0,2008,2010,2,2,True,primary_2to3_year,none,6370,3832,681,3288,3288,327,2486,True,0.0,1.0,0.0886089685779851,0.501957815916066,0.731208806183107,3288,327,0.0994525547445255,0.153194074180398,0.681811562545508,0.0886089685779851,-0.501957815916066,1.73120880618311,0.0,0.0,0.0,False,False
ELSA,M0,2008,2010,2,2,True,primary_2to3_year,intercept_only,6370,3832,681,3288,3288,327,2486,True,-0.431486202019741,1.0,0.0886089685779851,0.501957815916066,0.731208806183107,3288,327,0.0994525547445255,0.105848867710468,0.681811562545508,0.0862541013672597,-0.0704716138963249,1.73120880618311,-0.0023548672107254,-0.431486202019741,0.0,False,False
ELSA,M0,2008,2010,2,2,True,primary_2to3_year,intercept_and_slope,6370,3832,681,3288,3288,327,2486,True,0.236605392352315,1.41355699450077,0.0886089685779851,0.501957815916066,0.731208806183107,3288,327,0.0994525547445255,0.10550207103991,0.681811562545508,0.0856024616916337,-0.067806416437506,1.22471807851973,-0.0030065068863513,-0.43415139947856,-0.506490727663375,False,False
ELSA,M0,2010,2012,2,2,True,primary_2to3_year,none,9658,4634,1008,4377,4377,381,2795,True,0.0,1.0,0.0820199598200011,0.625704611330833,0.160460783979211,4377,381,0.0870459218642906,0.150079881975619,0.607852931671829,0.0820199598200011,-0.625704611330833,1.16046078397921,0.0,0.0,2.2204460492503099e-16,False,False
ELSA,M0,2010,2012,2,2,True,primary_2to3_year,intercept_only,9658,4634,1008,4377,4377,381,2795,True,-0.454908769710623,1.0,0.0820199598200011,0.625704611330833,0.160460783979211,4377,381,0.0870459218642906,0.101411825917667,0.607852931671829,0.0781391422728156,-0.170795841620211,1.16046078397921,-0.0038808175471855,-0.454908769710623,-2.2204460492503099e-16,False,False
ELSA,M0,2010,2012,2,2,True,primary_2to3_year,intercept_and_slope,9658,4634,1008,4377,4377,381,2795,True,0.381585665326556,1.51886158371411,0.0820199598200011,0.625704611330833,0.160460783979211,4377,381,0.0870459218642906,0.0998275096359857,0.607852931671829,0.0781408847653593,-0.155978595710642,0.764033270985434,-0.0038790750546417,-0.469726015620192,0.0755059450353548,False,False
ELSA,M0,2012,2014,2,2,True,primary_2to3_year,none,14035,6216,1389,4475,4475,366,3682,True,0.0,1.0,0.0771596474235614,0.70608479257017,0.720088631145472,4475,366,0.0817877094972067,0.151554545456518,0.661993797435192,0.0771596474235614,-0.70608479257017,1.72008863114547,0.0,0.0,-2.2204460492503099e-16,False,False
ELSA,M0,2012,2014,2,2,True,primary_2to3_year,intercept_only,14035,6216,1389,4475,4475,366,3682,True,-0.504861581821163,1.0,0.0771596474235614,0.70608479257017,0.720088631145472,4475,366,0.0817877094972067,0.0980132356621318,0.661993797435192,0.0728612479259277,-0.201223210749006,1.72008863114547,-0.0042983994976336,-0.504861581821163,0.0,False,False
ELSA,M0,2012,2014,2,2,True,primary_2to3_year,intercept_and_slope,14035,6216,1389,4475,4475,366,3682,True,0.187747258092148,1.4260240561361,0.0771596474235614,0.70608479257017,0.720088631145472,4475,366,0.0817877094972067,0.0975011224991209,0.661993797435192,0.0723380364913442,-0.19808608034239,1.20621291327031,-0.0048216109322171,-0.507998712227779,-0.513875717875163,False,False
ELSA,M0,2014,2016,2,2,True,primary_2to3_year,none,18510,7009,1755,4487,4487,415,3761,True,0.0,1.0,0.0854501624378954,0.579431609920526,0.376599293015241,4487,415,0.0924894138622688,0.152816243438504,0.631260207825408,0.0854501624378954,-0.579431609920526,1.37659929301524,0.0,0.0,8.881784197001249e-16,False,False
ELSA,M0,2014,2016,2,2,True,primary_2to3_year,intercept_only,18510,7009,1755,4487,4487,415,3761,True,-0.55034673319808,1.0,0.0854501624378954,0.579431609920526,0.376599293015241,4487,415,0.0924894138622688,0.0949297925280733,0.631260207825408,0.0819702096889724,-0.0290848767224455,1.37659929301524,-0.003479952748923,-0.55034673319808,2.2204460492503099e-16,False,False
ELSA,M0,2014,2016,2,2,True,primary_2to3_year,intercept_and_slope,18510,7009,1755,4487,4487,415,3761,True,0.244525134678764,1.48942187343276,0.0854501624378954,0.579431609920526,0.376599293015241,4487,415,0.0924894138622688,0.094786614098617,0.631260207825408,0.0816515888403629,-0.0278438102537255,0.924250756330384,-0.0037985735975325,-0.5515877996668,-0.300850049345625,False,False
ELSA,M0,2016,2018,2,2,True,primary_2to3_year,none,22997,7735,2170,4363,4363,404,3794,True,0.0,1.0,0.0860012919189142,0.607575477465995,0.408922050913221,4363,404,0.0925968370387348,0.156567580459488,0.642320480469365,0.0860012919189142,-0.607575477465995,1.40892205091322,0.0,0.0,-2.2204460492503099e-16,False,False
ELSA,M0,2016,2018,2,2,True,primary_2to3_year,intercept_only,22997,7735,2170,4363,4363,404,3794,True,-0.555978202742812,1.0,0.0860012919189142,0.607575477465995,0.408922050913221,4363,404,0.0925968370387348,0.0969681844688513,0.642320480469365,0.082068504540625,-0.0515972747231823,1.40892205091322,-0.0039327873782891,-0.555978202742812,-2.2204460492503099e-16,False,False
ELSA,M0,2016,2018,2,2,True,primary_2to3_year,intercept_and_slope,22997,7735,2170,4363,4363,404,3794,True,0.206544645314162,1.46905531798102,0.0860012919189142,0.607575477465995,0.408922050913221,4363,404,0.0925968370387348,0.0980688633667693,0.642320480469365,0.0819002985449049,-0.0652998904602077,0.959066710196834,-0.0041009933740092,-0.542275587005787,-0.367988761110055,False,False
ELSA,M0,2018,2021,2,3,True,primary_2to3_year,none,27360,8304,2574,3251,3251,401,2946,True,0.0,1.0,0.105423677638713,0.291627874046257,0.596380539539347,3251,401,0.123346662565364,0.157904129523267,0.64259789123682,0.105423677638713,-0.291627874046257,1.59638053953935,0.0,-5.55111512312578e-17,0.0,False,False
ELSA,M0,2018,2021,2,3,True,primary_2to3_year,intercept_only,27360,8304,2574,3251,3251,401,2946,True,-0.564235406159743,1.0,0.105423677638713,0.291627874046257,0.596380539539347,3251,401,0.123346662565364,0.0970612481833831,0.64259789123682,0.105678479885242,0.272607532113486,1.59638053953935,0.0002548022465297,-0.0190203419327715,-4.44089209850063e-16,False,False
ELSA,M0,2018,2021,2,3,True,primary_2to3_year,intercept_and_slope,27360,8304,2574,3251,3251,401,2946,True,0.178656709255464,1.45816579933246,0.105423677638713,0.291627874046257,0.596380539539347,3251,401,0.123346662565364,0.0980186475168149,0.64259789123682,0.104660035964633,0.265666936499818,1.0947867109969,-0.000763641674079,-0.0259609375464393,-0.501593828542448,False,False
ELSA,M1,2006,2008,2,2,True,primary_2to3_year,none,3281,3281,329,3089,3089,352,2538,True,0.0,1.0,0.0947613086434052,0.604644276230408,0.135410394204966,3089,352,0.113952735513111,0.0681288175902227,0.741329362772777,0.0947613086434052,0.604644276230408,1.13541039420497,0.0,0.0,0.0,False,False
ELSA,M1,2006,2008,2,2,True,primary_2to3_year,intercept_only,3281,3281,329,3089,3089,352,2538,True,0.251376555964911,1.0,0.0947613086434052,0.604644276230408,0.135410394204966,3089,352,0.113952735513111,0.0847583033713035,0.741329362772777,0.0926441068811845,0.353267720265497,1.13541039420497,-0.0021172017622207,-0.251376555964911,2.2204460492503099e-16,False,False
ELSA,M1,2006,2008,2,2,True,primary_2to3_year,intercept_and_slope,3281,3281,329,3089,3089,352,2538,True,0.269250020012615,1.00810004904954,0.0947613086434052,0.604644276230408,0.135410394204966,3089,352,0.113952735513111,0.0846537542682757,0.741329362772777,0.0926174721231433,0.355163924429227,1.12628741093253,-0.0021438365202619,-0.24948035180118,-0.0091229832724339,False,False
ELSA,M1,2008,2010,2,2,True,primary_2to3_year,none,6370,3832,681,3288,3288,327,2486,True,0.0,1.0,0.0814133051523725,0.259029639016839,0.185658574902501,3288,327,0.0994525547445255,0.0799009383535215,0.767405940839476,0.0814133051523725,0.259029639016839,1.1856585749025,0.0,5.55111512312578e-17,0.0,False,False
ELSA,M1,2008,2010,2,2,True,primary_2to3_year,intercept_only,6370,3832,681,3288,3288,327,2486,True,0.421377385731071,1.0,0.0814133051523725,0.259029639016839,0.185658574902501,3288,327,0.0994525547445255,0.11364592879629,0.767405940839476,0.0805011152327945,-0.162347746714232,1.1856585749025,-0.0009121899195779,-0.0966818923026071,0.0,False,False
ELSA,M1,2008,2010,2,2,True,primary_2to3_year,intercept_and_slope,6370,3832,681,3288,3288,327,2486,True,0.520832919541033,1.04310753887358,0.0814133051523725,0.259029639016839,0.185658574902501,3288,327,0.0994525547445255,0.113937567922957,0.767405940839476,0.0804859274610254,-0.166808423365931,1.13665996142915,-0.000927377691347,-0.0922212156509076,-0.0489986134733527,False,False
ELSA,M1,2010,2012,2,2,True,primary_2to3_year,none,9658,4634,1008,4377,4377,381,2795,True,0.0,1.0,0.0740088000541748,0.138844622717925,0.0284108455529655,4377,381,0.0870459218642906,0.0773077702383785,0.73944121286641,0.0740088000541748,0.138844622717925,1.02841084555297,0.0,0.0,0.0,False,False
ELSA,M1,2010,2012,2,2,True,primary_2to3_year,intercept_only,9658,4634,1008,4377,4377,381,2795,True,0.366473152616019,1.0,0.0740088000541748,0.138844622717925,0.0284108455529655,4377,381,0.0870459218642906,0.105277950816579,0.73944121286641,0.0742337990326998,-0.227628529898095,1.02841084555297,0.000224998978525,0.0887839071801699,0.0,False,True
ELSA,M1,2010,2012,2,2,True,primary_2to3_year,intercept_and_slope,9658,4634,1008,4377,4377,381,2795,True,0.560303086962485,1.0856364356887,0.0740088000541748,0.138844622717925,0.0284108455529655,4377,381,0.0870459218642906,0.105334225638504,0.73944121286641,0.0744739782027277,-0.231830795206194,0.94728843998366,0.0004651781485529,0.0929861724882698,0.0243007144633741,False,True
ELSA,M1,2012,2014,2,2,True,primary_2to3_year,none,14035,6216,1389,4475,4475,366,3682,True,0.0,1.0,0.0682670972089266,0.049802469421834,0.16322381374932,4475,366,0.0817877094972067,0.0783678925100373,0.759152905723409,0.0682670972089266,0.049802469421834,1.16322381374932,0.0,0.0,0.0,False,False
ELSA,M1,2012,2014,2,2,True,primary_2to3_year,intercept_only,14035,6216,1389,4475,4475,366,3682,True,0.299157265786126,1.0,0.0682670972089266,0.049802469421834,0.16322381374932,4475,366,0.0817877094972067,0.100900795171869,0.759152905723409,0.0684485479121856,-0.249354796364292,1.16322381374932,0.000181450703259,0.199552326942458,0.0,False,True
ELSA,M1,2012,2014,2,2,True,primary_2to3_year,intercept_and_slope,14035,6216,1389,4475,4475,366,3682,True,0.449513791077714,1.06674421866034,0.0682670972089266,0.049802469421834,0.16322381374932,4475,366,0.0817877094972067,0.101038383992661,0.759152905723409,0.0684818890486952,-0.253897180933774,1.09044304473489,0.0002147918397685,0.20409471151194,-0.0727807690144302,False,True
ELSA,M1,2014,2016,2,2,True,primary_2to3_year,none,18510,7009,1755,4487,4487,415,3761,True,0.0,1.0,0.0772737549250281,0.183819531046563,0.114039457574982,4487,415,0.0924894138622688,0.0790714764102831,0.749992011267072,0.0772737549250281,0.183819531046563,1.11403945757498,0.0,0.0,0.0,False,False
ELSA,M1,2014,2016,2,2,True,primary_2to3_year,intercept_only,18510,7009,1755,4487,4487,415,3761,True,0.242208154767183,1.0,0.0772737549250281,0.183819531046563,0.114039457574982,4487,415,0.0924894138622688,0.0971382481414341,0.749992011267072,0.0768451179792,-0.05838862372062,1.11403945757498,-0.0004286369458281,-0.125430907325943,0.0,False,False
ELSA,M1,2014,2016,2,2,True,primary_2to3_year,intercept_and_slope,18510,7009,1755,4487,4487,415,3761,True,0.431330974413287,1.08469254789126,0.0772737549250281,0.183819531046563,0.114039457574982,4487,415,0.0924894138622688,0.0973170046474592,0.749992011267072,0.0768424276260026,-0.0614538238015333,1.02705550963798,-0.0004313272990255,-0.12236570724503,-0.0869839479370011,False,False
ELSA,M1,2016,2018,2,2,True,primary_2to3_year,none,22997,7735,2170,4363,4363,404,3794,True,0.0,1.0,0.0770637354302628,0.157936732695951,0.136490927218977,4363,404,0.0925968370387348,0.0809592856203797,0.758829674960424,0.0770637354302628,0.157936732695951,1.13649092721898,0.0,0.0,0.0,False,False
ELSA,M1,2016,2018,2,2,True,primary_2to3_year,intercept_only,22997,7735,2170,4363,4363,404,3794,True,0.230804503255595,1.0,0.0770637354302628,0.157936732695951,0.136490927218977,4363,404,0.0925968370387348,0.0984279315563572,0.758829674960424,0.0767006886743782,-0.072867770559644,1.13649092721898,-0.0003630467558845,-0.085068962136307,0.0,False,False
ELSA,M1,2016,2018,2,2,True,primary_2to3_year,intercept_and_slope,22997,7735,2170,4363,4363,404,3794,True,0.430605131305734,1.08980601950092,0.0770637354302628,0.157936732695951,0.136490927218977,4363,404,0.0925968370387348,0.0987589797915422,0.758829674960424,0.0767204635566927,-0.0780948057628154,1.04283781414553,-0.00034327187357,-0.0798419269331356,-0.0936531130734484,False,False
ELSA,M1,2018,2021,2,3,True,primary_2to3_year,none,27360,8304,2574,3251,3251,401,2946,True,0.0,1.0,0.0967451071439623,0.126488004611846,0.205262606507012,3251,401,0.123346662565364,0.111293238440072,0.756283414271339,0.0967451071439623,0.126488004611846,1.20526260650701,0.0,0.0,0.0,False,False
ELSA,M1,2018,2021,2,3,True,primary_2to3_year,intercept_only,27360,8304,2574,3251,3251,401,2946,True,0.219085523018378,1.0,0.0967451071439623,0.126488004611846,0.205262606507012,3251,401,0.123346662565364,0.132825833151776,0.756283414271339,0.0962402602930794,-0.0925975184065323,1.20526260650701,-0.0005048468508828,-0.0338904862053134,0.0,False,False
ELSA,M1,2018,2021,2,3,True,primary_2to3_year,intercept_and_slope,27360,8304,2574,3251,3251,401,2946,True,0.43234165485519,1.09632400503186,0.0967451071439623,0.126488004611846,0.205262606507012,3251,401,0.123346662565364,0.136121460907082,0.756283414271339,0.0961667666534178,-0.125815366136844,1.09936715877346,-0.0005783404905444,-0.0006726384750016,-0.105895447733553,False,False
MHAS,M0,2012,2015,9,3,False,extended_long_history_interval,none,2318,2318,576,3680,3680,689,1337,True,0.0,1.0,0.150592371814562,0.427074166109173,0.739351070304628,3680,689,0.187228260869565,0.131271709472371,0.639180240285443,0.150592371814562,0.427074166109173,1.73935107030463,0.0,5.55111512312578e-17,2.2204460492503099e-16,False,False
MHAS,M0,2012,2015,9,3,False,extended_long_history_interval,intercept_only,2318,2318,576,3680,3680,689,1337,True,0.906423884823309,1.0,0.150592371814562,0.427074166109173,0.739351070304628,3680,689,0.187228260869565,0.269635035281702,0.639180240285443,0.152651639216119,-0.479349718714135,1.73935107030463,0.0020592674015567,0.0522755526049623,-2.2204460492503099e-16,True,True
MHAS,M0,2012,2015,9,3,False,extended_long_history_interval,intercept_and_slope,2318,2318,576,3680,3680,689,1337,True,2.60618221277547,1.85584172873404,0.150592371814562,0.427074166109173,0.739351070304628,3680,689,0.187228260869565,0.287879650218006,0.639180240285443,0.156239827331669,-0.596305277234813,0.937230283905259,0.0056474555171075,0.16923111112564,-0.676581354209888,True,True
MHAS,M0,2015,2018,3,3,True,primary_2to3_year,none,5998,4661,1265,3829,3829,507,2348,True,0.0,1.0,0.112125285155628,0.0286231087195204,0.538176876082613,3829,507,0.132410551057717,0.129192049804072,0.624035923322729,0.112125285155628,0.0286231087195204,1.53817687608261,0.0,6.938893903907231e-17,0.0,False,False
MHAS,M0,2015,2018,3,3,True,primary_2to3_year,intercept_only,5998,4661,1265,3829,3829,507,2348,True,0.620793317347096,1.0,0.112125285155628,0.0286231087195204,0.538176876082613,3829,507,0.132410551057717,0.214928242873881,0.624035923322729,0.118516464075366,-0.592170208627575,1.53817687608261,0.006391178919738,0.563547099908055,0.0,True,True
MHAS,M0,2015,2018,3,3,True,primary_2to3_year,intercept_and_slope,5998,4661,1265,3829,3829,507,2348,True,1.72664591827846,1.58007209477868,0.112125285155628,0.0286231087195204,0.538176876082613,3829,507,0.132410551057717,0.217251526171697,0.624035923322729,0.119458518909851,-0.619388620205117,0.973485248657635,0.0073332337542232,0.590765511485597,-0.511662124740248,True,True
MHAS,M0,2018,2021,3,3,True,primary_2to3_year,none,9827,6142,1772,3968,3968,665,2635,True,0.0,1.0,0.136509698401202,0.283917258876653,0.806768701450361,3968,665,0.167590725806452,0.132007425109881,0.645955715810871,0.136509698401202,0.283917258876653,1.80676870145036,0.0,0.0,6.66133814775094e-16,False,False
MHAS,M0,2018,2021,3,3,True,primary_2to3_year,intercept_only,9827,6142,1772,3968,3968,665,2635,True,0.413726040644874,1.0,0.136509698401202,0.283917258876653,0.806768701450361,3968,665,0.167590725806452,0.186222507666868,0.645955715810871,0.134800751221909,-0.129808781768221,1.80676870145036,-0.0017089471792926,-0.154108477108433,6.66133814775094e-16,False,False
MHAS,M0,2018,2021,3,3,True,primary_2to3_year,intercept_and_slope,9827,6142,1772,3968,3968,665,2635,True,1.37324326971736,1.50767513484398,0.136509698401202,0.283917258876653,0.806768701450361,3968,665,0.167590725806452,0.189227790994307,0.645955715810871,0.133936302765774,-0.152586025787479,1.19838064560064,-0.0025733956354273,-0.131331233089174,-0.60838805584972,False,False
MHAS,M1,2012,2015,9,3,False,extended_long_history_interval,none,2318,2318,576,3680,3680,689,1337,True,0.0,1.0,0.14447992211794,0.544962503392268,0.0474129836463673,3680,689,0.187228260869565,0.270268482758424,0.723728029759331,0.14447992211794,-0.544962503392268,0.952587016353633,0.0,0.0,0.0,False,False
MHAS,M1,2012,2015,9,3,False,extended_long_history_interval,intercept_only,2318,2318,576,3680,3680,689,1337,True,-4.29777543317285,1.0,0.14447992211794,0.544962503392268,0.0474129836463673,3680,689,0.187228260869565,0.0064979667690339,0.723728029759331,0.183175770618527,-1606271771939.68,1762220021558.15,0.0386958485005868,1606271771939.14,1762220021557.1,True,True
MHAS,M1,2012,2015,9,3,False,extended_long_history_interval,intercept_and_slope,2318,2318,576,3680,3680,689,1337,True,-3.57676686561604,0.780654111029779,0.14447992211794,0.544962503392268,0.0474129836463673,3680,689,0.187228260869565,0.0143809781651488,0.723728029759331,0.179332172008758,-1601793452085.91,306724083016.911,0.0348522498908177,1601793452085.36,306724083015.864,True,True
MHAS,M1,2015,2018,3,3,True,primary_2to3_year,none,5998,4661,1265,3829,3829,507,2348,True,0.0,1.0,0.130410909278205,0.94140830862241,0.185539784860343,3829,507,0.132410551057717,0.260602099028986,0.697479418187518,0.130410909278205,-0.94140830862241,0.814460215139657,0.0,0.0,0.0,False,False
MHAS,M1,2015,2018,3,3,True,primary_2to3_year,intercept_only,5998,4661,1265,3829,3829,507,2348,True,-2.98890292157888,1.0,0.130410909278205,0.94140830862241,0.185539784860343,3829,507,0.132410551057717,0.0214925792548921,0.697479418187518,0.124361149061244,2.04749461295647,1463878720957.65,-0.0060497602169612,1.10608630433406,1463878720956.47,False,True
MHAS,M1,2015,2018,3,3,True,primary_2to3_year,intercept_and_slope,5998,4661,1265,3829,3829,507,2348,True,-1.47023692842903,0.200212668595024,0.130410909278205,0.94140830862241,0.185539784860343,3829,507,0.132410551057717,0.154446101762877,0.697479418187518,0.112159201693736,-0.180349864902113,4.0679754226097,-0.0182517075844695,-0.761058443720298,2.88243563774936,False,False
MHAS,M1,2018,2021,3,3,True,primary_2to3_year,none,9827,6142,1772,3968,3968,665,2635,True,0.0,1.0,0.140755034918319,0.649653141476263,0.149520552533764,3968,665,0.167590725806452,0.262804234203714,0.706784900489188,0.140755034918319,-0.649653141476263,0.850479447466237,0.0,0.0,0.0,False,False
MHAS,M1,2018,2021,3,3,True,primary_2to3_year,intercept_only,9827,6142,1772,3968,3968,665,2635,True,-2.38790349573469,1.0,0.140755034918319,0.649653141476263,0.149520552533764,3968,665,0.167590725806452,0.0385137898891119,0.706784900489188,0.150200718288937,1.73825035425843,0.850479447466237,0.0094456833706181,1.08859721278216,0.0,True,True
MHAS,M1,2018,2021,3,3,True,primary_2to3_year,intercept_and_slope,9827,6142,1772,3968,3968,665,2635,True,-1.54762131924368,0.249161646372518,0.140755034918319,0.649653141476263,0.149520552533764,3968,665,0.167590725806452,0.138516314731705,0.706784900489188,0.135536518485958,0.226336692775309,3.41336421495103,-0.0052185164323606,-0.423316448700955,2.26384366241727,False,False
